選手ID,選手名,対局数,半荘数,総局数,総合ポイント,平均順位,1着数,2着数,3着数,4着数,トップ率,連対率,ラス回避率,平均得点,最高得点,平均ポイント,和了数,和了率,ツモ和了数,ロン和了数,ツモ和了率,平均和了点,最高和了点,平均翻,平均符,放銃数,放銃率,平均放銃点,副露局数,副露率,平均副露回数,立直局数,立直率,立直和了数,立直和了率,ダマ和了数,流局数,流局率,親局数,親番和了数,親番和了率,役満数,平均ドラ数,平均赤ドラ数,平均裏ドラ数,総局収支,平均局収支,最大局収支,最小局収支,解析済局数,判定保留局数,解析完了率,集計区分,年度,シーズン,最低得点,2着率,3着率,4着率,最大放銃点,放銃回避率,ダマ和了率,副露和了数,副露和了率,門前和了数,門前和了率,親番放銃数,親番放銃率,親平均収支,子平均収支
P0002,悠紀子,1,1,13,9.3,2,0,1,0,0,0.0%,100.0%,100.0%,34300,34300,9.3,3,23.1%,1,2,33.3%,5566.666667,12000,3.333333333,30,1,7.7%,3900,5,38.5%,3.222222222,3,23.1%,2,66.7%,1,3,23.1%,3,1,33.3%,0,1.333333333,0.5,0,9300,715.3846154,13000,-3900,13,0,100.0%,全期間,,,34300,100.0%,0.0%,0.0%,3900,92.3%,33.3%,1,20.0%,2,25.0%,0,0.0%,3833.333333,-220
P0010,☆魔雀T塾生☆,4,4,47,15.6,2,2,0,2,0,50.0%,50.0%,100.0%,28900,52500,3.9,10,21.3%,5,5,50.0%,6800,16000,4,27,4,8.5%,4675,13,27.7%,3.076923077,12,25.5%,7,58.3%,3,3,6.4%,8,0,0.0%,0,0.4,0.6,0.6,15600,331.9148936,16000,-9300,43,4,91.5%,全期間,,,6700,0.0%,50.0%,0.0%,8000,91.5%,30.0%,3,23.1%,7,20.6%,0,0.0%,-1375,682.0512821
P0010,☆魔雀T塾生☆,4,4,47,15.6,2,2,0,2,0,50.0%,50.0%,100.0%,28900,52500,3.9,10,21.3%,5,5,50.0%,6800,16000,4,27,4,8.5%,4675,13,27.7%,3.076923077,12,25.5%,7,58.3%,3,3,6.4%,8,0,0.0%,0,0.4,0.6,0.6,15600,331.9148936,16000,-9300,43,4,91.5%,年度,2026,,6700,0.0%,50.0%,0.0%,8000,91.5%,30.0%,3,23.1%,7,20.6%,0,0.0%,-1375,682.0512821
P0010,☆魔雀T塾生☆,3,3,34,33.9,1.666666667,2,0,1,0,66.7%,66.7%,100.0%,36300,52500,11.3,8,23.5%,5,3,62.5%,7450,16000,4.25,26.875,2,5.9%,1500,10,29.4%,2.6,8,23.5%,6,75.0%,2,2,5.9%,6,0,0.0%,0,0.5,0.625,0.75,33900,997.0588235,16000,-4000,30,4,88.2%,シーズン,2026,セミファイナル,20400,0.0%,33.3%,0.0%,2000,94.1%,25.0%,2,20.0%,6,25.0%,0,0.0%,-1583.333333,1550
P0011,014のりたま,1,1,9,2.8,2,0,1,0,0,0.0%,100.0%,100.0%,27800,27800,2.8,3,33.3%,0,3,0.0%,4833.333333,8000,3,33.33333333,1,11.1%,5200,2,22.2%,2,1,11.1%,0,0.0%,3,1,11.1%,2,0,0.0%,0,0.6666666667,1,0,2800,311.1111111,8000,-5500,9,0,100.0%,全期間,,,27800,100.0%,0.0%,0.0%,5200,88.9%,100.0%,1,50.0%,2,28.6%,0,0.0%,-4500,1685.714286
P0011,014のりたま,1,1,9,2.8,2,0,1,0,0,0.0%,100.0%,100.0%,27800,27800,2.8,3,33.3%,0,3,0.0%,4833.333333,8000,3,33.33333333,1,11.1%,5200,2,22.2%,2,1,11.1%,0,0.0%,3,1,11.1%,2,0,0.0%,0,0.6666666667,1,0,2800,311.1111111,8000,-5500,9,0,100.0%,年度,2026,,27800,100.0%,0.0%,0.0%,5200,88.9%,100.0%,1,50.0%,2,28.6%,0,0.0%,-4500,1685.714286
P0011,014のりたま,1,1,9,2.8,2,0,1,0,0,0.0%,100.0%,100.0%,27800,27800,2.8,3,33.3%,0,3,0.0%,4833.333333,8000,3,33.33333333,1,11.1%,5200,2,22.2%,2,1,11.1%,0,0.0%,3,1,11.1%,2,0,0.0%,0,0.6666666667,1,0,2800,311.1111111,8000,-5500,9,0,100.0%,シーズン,2026,セミファイナル,27800,100.0%,0.0%,0.0%,5200,88.9%,100.0%,1,50.0%,2,28.6%,0,0.0%,-4500,1685.714286
P0016,Anmi,3,3,31,-15,3.333333333,0,0,2,1,0.0%,0.0%,66.7%,20000,34800,-5,6,19.4%,0,6,0.0%,6316.666667,12000,3.5,35,8,25.8%,6087.5,7,22.6%,2.428571429,6,19.4%,3,50.0%,3,3,9.7%,6,0,0.0%,0,0.8333333333,1,0,-15000,-483.8709677,13000,-12000,31,0,100.0%,全期間,,,4100,0.0%,66.7%,33.3%,12000,74.2%,50.0%,3,42.9%,3,12.5%,4,66.7%,-4933.333333,584
P0016,Anmi,3,3,31,-15,3.333333333,0,0,2,1,0.0%,0.0%,66.7%,20000,34800,-5,6,19.4%,0,6,0.0%,6316.666667,12000,3.5,35,8,25.8%,6087.5,7,22.6%,2.428571429,6,19.4%,3,50.0%,3,3,9.7%,6,0,0.0%,0,0.8333333333,1,0,-15000,-483.8709677,13000,-12000,31,0,100.0%,年度,2026,,4100,0.0%,66.7%,33.3%,12000,74.2%,50.0%,3,42.9%,3,12.5%,4,66.7%,-4933.333333,584
P0016,Anmi,2,2,21,5.9,3,0,0,2,0,0.0%,0.0%,100.0%,27950,34800,2.95,4,19.0%,0,4,0.0%,8250,12000,4.25,37.5,5,23.8%,5020,3,14.3%,1.666666667,5,23.8%,3,60.0%,1,2,9.5%,4,0,0.0%,0,1,1.25,0,5900,280.952381,13000,-9000,21,0,100.0%,シーズン,2026,セミファイナル,21100,0.0%,100.0%,0.0%,8000,76.2%,25.0%,1,33.3%,3,16.7%,2,50.0%,-4500,1405.882353
P0018,Blue-K18,3,3,36,-12.05,2.666666667,0,1,2,0,0.0%,33.3%,100.0%,20983.33333,26350,-4.016666667,8,22.2%,3,5,37.5%,4300,9100,2.375,32.5,7,19.4%,3185.714286,12,33.3%,2.333333333,9,25.0%,4,44.4%,4,1,2.8%,10,3,30.0%,0,0.625,0,0.25,-12050,-334.7222222,9100,-6400,32,4,88.9%,全期間,,,14400,33.3%,66.7%,0.0%,6400,80.6%,50.0%,4,33.3%,4,16.7%,2,20.0%,-285,-353.8461538
P0018,Blue-K18,3,3,36,-12.05,2.666666667,0,1,2,0,0.0%,33.3%,100.0%,20983.33333,26350,-4.016666667,8,22.2%,3,5,37.5%,4300,9100,2.375,32.5,7,19.4%,3185.714286,12,33.3%,2.333333333,9,25.0%,4,44.4%,4,1,2.8%,10,3,30.0%,0,0.625,0,0.25,-12050,-334.7222222,9100,-6400,32,4,88.9%,年度,2026,,14400,33.3%,66.7%,0.0%,6400,80.6%,50.0%,4,33.3%,4,16.7%,2,20.0%,-285,-353.8461538
P0018,Blue-K18,2,2,26,-13.4,3,0,0,2,0,0.0%,0.0%,100.0%,18300,22200,-6.7,6,23.1%,3,3,50.0%,4233.333333,9100,2.333333333,31.66666667,6,23.1%,2650,9,34.6%,2.222222222,6,23.1%,3,50.0%,3,0,0.0%,8,3,37.5%,0,0.5,0,0.1666666667,-13400,-515.3846154,9100,-6200,22,4,84.6%,シーズン,2026,セミファイナル,14400,0.0%,100.0%,0.0%,3900,76.9%,50.0%,3,33.3%,3,17.6%,1,12.5%,512.5,-972.2222222
P0020,Bu Ki Chi,1,1,10,-14.3,4,0,0,0,1,0.0%,0.0%,0.0%,10700,10700,-14.3,1,10.0%,0,1,0.0%,6400,6400,4,25,2,20.0%,3600,3,30.0%,3,3,30.0%,1,33.3%,0,2,20.0%,2,0,0.0%,0,0,1,0,-14300,-1430,8400,-5200,10,0,100.0%,全期間,,,10700,0.0%,0.0%,100.0%,5200,80.0%,0.0%,0,0.0%,1,14.3%,0,0.0%,-3650,-875
P0020,Bu Ki Chi,1,1,10,-14.3,4,0,0,0,1,0.0%,0.0%,0.0%,10700,10700,-14.3,1,10.0%,0,1,0.0%,6400,6400,4,25,2,20.0%,3600,3,30.0%,3,3,30.0%,1,33.3%,0,2,20.0%,2,0,0.0%,0,0,1,0,-14300,-1430,8400,-5200,10,0,100.0%,年度,2026,,10700,0.0%,0.0%,100.0%,5200,80.0%,0.0%,0,0.0%,1,14.3%,0,0.0%,-3650,-875
P0020,Bu Ki Chi,1,1,10,-14.3,4,0,0,0,1,0.0%,0.0%,0.0%,10700,10700,-14.3,1,10.0%,0,1,0.0%,6400,6400,4,25,2,20.0%,3600,3,30.0%,3,3,30.0%,1,33.3%,0,2,20.0%,2,0,0.0%,0,0,1,0,-14300,-1430,8400,-5200,10,0,100.0%,シーズン,2026,セミファイナル,10700,0.0%,0.0%,100.0%,5200,80.0%,0.0%,0,0.0%,1,14.3%,0,0.0%,-3650,-875
P0024,EmperorTime,4,4,47,34.9,2.5,1,1,1,1,25.0%,50.0%,75.0%,33725,45200,8.725,12,25.5%,4,8,33.3%,5166.666667,12000,2.916666667,31.66666667,5,10.6%,3100,16,34.0%,2.1875,8,17.0%,3,37.5%,9,8,17.0%,14,3,21.4%,0,0.9166666667,0.2,0.2,34900,742.5531915,12600,-8000,47,0,100.0%,全期間,,,16400,25.0%,25.0%,25.0%,8000,89.4%,75.0%,6,37.5%,6,19.4%,0,0.0%,1650,357.5757576
P0024,EmperorTime,4,4,47,34.9,2.5,1,1,1,1,25.0%,50.0%,75.0%,33725,45200,8.725,12,25.5%,4,8,33.3%,5166.666667,12000,2.916666667,31.66666667,5,10.6%,3100,16,34.0%,2.1875,8,17.0%,3,37.5%,9,8,17.0%,14,3,21.4%,0,0.9166666667,0.2,0.2,34900,742.5531915,12600,-8000,47,0,100.0%,年度,2026,,16400,25.0%,25.0%,25.0%,8000,89.4%,75.0%,6,37.5%,6,19.4%,0,0.0%,1650,357.5757576
P0024,EmperorTime,2,2,25,34.1,2,1,0,1,0,50.0%,50.0%,100.0%,42050,45200,17.05,8,32.0%,3,5,37.5%,4275,12000,2.625,31.25,2,8.0%,1000,10,40.0%,2,4,16.0%,1,25.0%,7,4,16.0%,7,1,14.3%,0,0.625,0.2857142857,0.1428571429,34100,1364,12600,-2600,25,0,100.0%,シーズン,2026,セミファイナル,38900,0.0%,50.0%,0.0%,1000,92.0%,87.5%,5,50.0%,3,20.0%,0,0.0%,928.5714286,1533.333333
P0030,Hiromu,3,3,42,23.4,1.666666667,2,0,1,0,66.7%,66.7%,100.0%,32800,47100,7.8,8,19.0%,5,3,62.5%,6762.5,18000,3.375,30.625,2,4.8%,1250,12,28.6%,3.083333333,7,16.7%,4,57.1%,4,7,16.7%,10,3,30.0%,0,0.75,0.5,0,23400,557.1428571,18000,-6000,42,0,100.0%,全期間,,,19600,0.0%,33.3%,0.0%,1500,95.2%,50.0%,2,16.7%,6,20.0%,1,10.0%,2980,-200
P0030,Hiromu,3,3,42,23.4,1.666666667,2,0,1,0,66.7%,66.7%,100.0%,32800,47100,7.8,8,19.0%,5,3,62.5%,6762.5,18000,3.375,30.625,2,4.8%,1250,12,28.6%,3.083333333,7,16.7%,4,57.1%,4,7,16.7%,10,3,30.0%,0,0.75,0.5,0,23400,557.1428571,18000,-6000,42,0,100.0%,年度,2026,,19600,0.0%,33.3%,0.0%,1500,95.2%,50.0%,2,16.7%,6,20.0%,1,10.0%,2980,-200
P0030,Hiromu,2,2,28,28.8,1,2,0,0,0,100.0%,100.0%,100.0%,39400,47100,14.4,6,21.4%,3,3,50.0%,7433.333333,18000,3.666666667,29.16666667,2,7.1%,1250,6,21.4%,2.666666667,4,14.3%,3,75.0%,3,2,7.1%,8,3,37.5%,0,0.8333333333,0.5,0,28800,1028.571429,18000,-3000,28,0,100.0%,シーズン,2026,セミファイナル,31700,0.0%,0.0%,0.0%,1500,92.9%,50.0%,1,16.7%,5,22.7%,1,12.5%,4225,-250
P0032,J,2,2,23,-6.6,2.5,0,1,1,0,0.0%,50.0%,100.0%,21700,24200,-3.3,3,13.0%,2,1,66.7%,5733.333333,8000,3.666666667,26.66666667,1,4.3%,8000,9,39.1%,2.666666667,3,13.0%,1,33.3%,2,6,26.1%,4,0,0.0%,0,0.3333333333,0.3333333333,0,-6600,-286.9565217,8000,-8300,23,0,100.0%,全期間,,,19200,50.0%,50.0%,0.0%,8000,95.7%,66.7%,2,22.2%,1,7.1%,0,0.0%,-1000,-136.8421053
P0032,J,2,2,23,-6.6,2.5,0,1,1,0,0.0%,50.0%,100.0%,21700,24200,-3.3,3,13.0%,2,1,66.7%,5733.333333,8000,3.666666667,26.66666667,1,4.3%,8000,9,39.1%,2.666666667,3,13.0%,1,33.3%,2,6,26.1%,4,0,0.0%,0,0.3333333333,0.3333333333,0,-6600,-286.9565217,8000,-8300,23,0,100.0%,年度,2026,,19200,50.0%,50.0%,0.0%,8000,95.7%,66.7%,2,22.2%,1,7.1%,0,0.0%,-1000,-136.8421053
P0032,J,1,1,14,-0.8,2,0,1,0,0,0.0%,100.0%,100.0%,24200,24200,-0.8,2,14.3%,1,1,50.0%,6600,8000,4,25,0,0.0%,,6,42.9%,3,3,21.4%,1,33.3%,1,6,42.9%,2,0,0.0%,0,0.5,0.5,0,-800,-57.14285714,8000,-4500,14,0,100.0%,シーズン,2026,セミファイナル,24200,100.0%,0.0%,0.0%,,100.0%,50.0%,1,16.7%,1,12.5%,0,0.0%,-2000,266.6666667
P0034,k-k,3,3,35,24.5,1.666666667,1,2,0,0,33.3%,100.0%,100.0%,33166.66667,46000,8.166666667,9,25.7%,6,3,66.7%,5922.222222,12000,3.555555556,28.88888889,2,5.7%,3900,10,28.6%,2.9,7,20.0%,4,57.1%,5,6,17.1%,10,2,20.0%,0,0.6666666667,0.7777777778,0.1111111111,24500,700,12000,-6000,35,0,100.0%,全期間,,,25600,66.7%,0.0%,0.0%,3900,94.3%,55.6%,5,50.0%,4,16.0%,1,10.0%,-280,1092
P0034,k-k,2,2,25,21.6,1.5,1,1,0,0,50.0%,100.0%,100.0%,35800,46000,10.8,6,24.0%,3,3,50.0%,5922.222222,12000,3.555555556,28.88888889,2,8.0%,3900,6,24.0%,2.9,6,24.0%,4,66.7%,2,6,24.0%,10,2,20.0%,0,0.6666666667,0.7777777778,0.1111111111,24500,980,12000,-6000,35,0,140.0%,年度,2026,,25600,50.0%,0.0%,0.0%,3900,92.0%,33.3%,5,83.3%,1,5.3%,1,10.0%,-280,1092
P0034,k-k,1,1,11,21,1,1,0,0,0,100.0%,100.0%,100.0%,46000,46000,21,3,27.3%,1,2,33.3%,9333.333333,12000,5,33.33333333,1,9.1%,3900,2,18.2%,3,3,27.3%,2,66.7%,1,0,0.0%,2,0,0.0%,0,1,1,0.3333333333,21000,1909.090909,12000,-3900,11,0,100.0%,シーズン,2026,セミファイナル,46000,0.0%,0.0%,0.0%,3900,90.9%,33.3%,1,50.0%,2,22.2%,0,0.0%,0,2333.333333
P0044,Mychemi,4,4,49,2.6,2,1,2,1,0,25.0%,75.0%,100.0%,25650,32100,0.65,11,22.4%,7,4,63.6%,4154.545455,12000,2.636363636,31.81818182,5,10.2%,4000,16,32.7%,1.9375,9,18.4%,4,44.4%,7,7,14.3%,11,3,27.3%,0,0.5454545455,0.3636363636,0,2600,53.06122449,12000,-13300,49,0,100.0%,全期間,,,13600,50.0%,25.0%,0.0%,12000,89.8%,63.6%,6,37.5%,5,15.2%,1,9.1%,-245.4545455,139.4736842
P0044,Mychemi,3,3,39,-4.5,2.333333333,0,2,1,0,0.0%,66.7%,100.0%,23500,31200,-1.5,8,20.5%,4,4,50.0%,4154.545455,12000,2.636363636,31.81818182,5,12.8%,4000,14,35.9%,1.9375,4,10.3%,4,100.0%,4,7,17.9%,11,3,27.3%,0,0.5454545455,0.3636363636,0,2600,66.66666667,12000,-13300,49,0,125.6%,年度,2026,,13600,66.7%,33.3%,0.0%,12000,87.2%,50.0%,6,42.9%,2,8.0%,1,9.1%,-245.4545455,139.4736842
P0044,Mychemi,2,2,24,6.9,2,0,2,0,0,0.0%,100.0%,100.0%,28450,31200,3.45,5,20.8%,3,2,60.0%,4200,12000,2.4,34,4,16.7%,2000,9,37.5%,1.777777778,2,8.3%,0,0.0%,5,5,20.8%,6,2,33.3%,0,0.6,0.6,0,6900,287.5,12000,-3200,24,0,100.0%,シーズン,2026,セミファイナル,25700,100.0%,0.0%,0.0%,3200,83.3%,100.0%,4,44.4%,1,6.7%,1,16.7%,750,133.3333333
P0051,Redstar,2,2,29,-13.1,3,0,0,2,0,0.0%,0.0%,100.0%,18450,22000,-6.55,4,13.8%,3,1,75.0%,5100,8000,3.5,32.5,1,3.4%,2000,10,34.5%,2.9,5,17.2%,3,60.0%,1,7,24.1%,4,0,0.0%,0,0.75,0.25,0.25,-13100,-451.7241379,8000,-6000,29,0,100.0%,全期間,,,14900,0.0%,100.0%,0.0%,2000,96.6%,25.0%,1,10.0%,3,15.8%,1,25.0%,-2125,-184
P0051,Redstar,2,2,29,-13.1,3,0,0,2,0,0.0%,0.0%,100.0%,18450,22000,-6.55,4,13.8%,3,1,75.0%,5100,8000,3.5,32.5,1,3.4%,2000,10,34.5%,2.9,5,17.2%,3,60.0%,1,7,24.1%,4,0,0.0%,0,0.75,0.25,0.25,-13100,-451.7241379,8000,-6000,29,0,100.0%,年度,2026,,14900,0.0%,100.0%,0.0%,2000,96.6%,25.0%,1,10.0%,3,15.8%,1,25.0%,-2125,-184
P0051,Redstar,1,1,17,-10.1,3,0,0,1,0,0.0%,0.0%,100.0%,14900,14900,-10.1,3,17.6%,2,1,66.7%,5066.666667,8000,3.666666667,30,1,5.9%,2000,6,35.3%,3.333333333,3,17.6%,2,66.7%,1,4,23.5%,2,0,0.0%,0,1,0.3333333333,0.3333333333,-10100,-594.1176471,8000,-6000,17,0,100.0%,シーズン,2026,セミファイナル,14900,0.0%,100.0%,0.0%,2000,94.1%,33.3%,1,16.7%,2,18.2%,1,50.0%,-3000,-273.3333333
P0052,rinruka,1,1,11,5,2,0,1,0,0,0.0%,100.0%,100.0%,30000,30000,5,3,27.3%,1,2,33.3%,3066.666667,4000,2.333333333,36.66666667,0,0.0%,,1,9.1%,4,0,0.0%,0,,3,2,18.2%,2,0,0.0%,0,1,0.3333333333,0,5000,454.5454545,5500,-6000,11,0,100.0%,全期間,,,30000,100.0%,0.0%,0.0%,,100.0%,100.0%,1,100.0%,2,20.0%,0,0.0%,-3000,1222.222222
P0052,rinruka,1,1,11,5,2,0,1,0,0,0.0%,100.0%,100.0%,30000,30000,5,3,27.3%,1,2,33.3%,3066.666667,4000,2.333333333,36.66666667,0,0.0%,,1,9.1%,4,0,0.0%,0,,3,2,18.2%,2,0,0.0%,0,1,0.3333333333,0,5000,454.5454545,5500,-6000,11,0,100.0%,年度,2026,,30000,100.0%,0.0%,0.0%,,100.0%,100.0%,1,100.0%,2,20.0%,0,0.0%,-3000,1222.222222
P0052,rinruka,1,1,11,5,2,0,1,0,0,0.0%,100.0%,100.0%,30000,30000,5,3,27.3%,1,2,33.3%,3066.666667,4000,2.333333333,36.66666667,0,0.0%,,1,9.1%,4,0,0.0%,0,,3,2,18.2%,2,0,0.0%,0,1,0.3333333333,0,5000,454.5454545,5500,-6000,11,0,100.0%,シーズン,2026,セミファイナル,30000,100.0%,0.0%,0.0%,,100.0%,100.0%,1,100.0%,2,20.0%,0,0.0%,-3000,1222.222222
P0053,ｒｒｒｒｒｒ,4,4,48,-37.5,2.5,2,0,0,2,50.0%,50.0%,50.0%,15625,43300,-9.375,11,22.9%,4,7,36.4%,6763.636364,18000,3.363636364,39.09090909,11,22.9%,8263.636364,21,43.8%,2.714285714,10,20.8%,6,60.0%,5,5,10.4%,14,4,28.6%,0,0.9090909091,0.4444444444,0.1111111111,-37500,-781.25,18600,-19000,48,0,100.0%,全期間,,,-35800,0.0%,0.0%,50.0%,18000,77.1%,45.5%,7,33.3%,4,14.8%,4,28.6%,-807.1428571,-770.5882353
P0053,ｒｒｒｒｒｒ,4,4,48,-37.5,2.5,2,0,0,2,50.0%,50.0%,50.0%,15625,43300,-9.375,11,22.9%,4,7,36.4%,6763.636364,18000,3.363636364,39.09090909,11,22.9%,8263.636364,21,43.8%,2.714285714,10,20.8%,6,60.0%,5,5,10.4%,14,4,28.6%,0,0.9090909091,0.4444444444,0.1111111111,-37500,-781.25,18600,-19000,48,0,100.0%,年度,2026,,-35800,0.0%,0.0%,50.0%,18000,77.1%,45.5%,7,33.3%,4,14.8%,4,28.6%,-807.1428571,-770.5882353
P0053,ｒｒｒｒｒｒ,3,3,38,-27.8,2,2,0,0,1,66.7%,66.7%,66.7%,15733.33333,43300,-9.266666667,9,23.7%,2,7,22.2%,6800,18000,3.222222222,37.77777778,10,26.3%,7490,16,42.1%,2.8125,9,23.7%,6,66.7%,3,4,10.5%,12,4,33.3%,0,0.8888888889,0.4285714286,0.1428571429,-27800,-731.5789474,18600,-19000,38,0,100.0%,シーズン,2026,セミファイナル,-35800,0.0%,0.0%,33.3%,18000,73.7%,33.3%,5,31.3%,4,18.2%,3,25.0%,725,-1403.846154
P0065,ysk,5,5,51,-41,3.2,0,2,0,3,0.0%,40.0%,40.0%,16800,33000,-8.2,11,21.6%,5,6,45.5%,4172.727273,12000,2.727272727,32.27272727,7,13.7%,5914.285714,17,33.3%,2.647058824,9,17.6%,2,22.2%,9,6,11.8%,12,2,16.7%,0,0.7272727273,0.4545454545,0,-41000,-803.9215686,12000,-13300,51,0,100.0%,全期間,,,3100,40.0%,0.0%,60.0%,12000,86.3%,81.8%,6,35.3%,5,14.7%,5,41.7%,-3141.666667,-84.61538462
P0065,ysk,5,5,51,-41,3.2,0,2,0,3,0.0%,40.0%,40.0%,16800,33000,-8.2,11,21.6%,5,6,45.5%,4172.727273,12000,2.727272727,32.27272727,7,13.7%,5914.285714,17,33.3%,2.647058824,9,17.6%,2,22.2%,9,6,11.8%,12,2,16.7%,0,0.7272727273,0.4545454545,0,-41000,-803.9215686,12000,-13300,51,0,100.0%,年度,2026,,3100,40.0%,0.0%,60.0%,12000,86.3%,81.8%,6,35.3%,5,14.7%,5,41.7%,-3141.666667,-84.61538462
P0065,ysk,3,3,31,-18.2,2.666666667,0,2,0,1,0.0%,66.7%,66.7%,18933.33333,33000,-6.066666667,6,19.4%,2,4,33.3%,5300,12000,3.333333333,30.83333333,3,9.7%,7000,9,29.0%,2.222222222,7,22.6%,2,28.6%,4,5,16.1%,7,1,14.3%,0,1,0.5,0,-18200,-587.0967742,12000,-13300,31,0,100.0%,シーズン,2026,セミファイナル,3100,66.7%,0.0%,33.3%,12000,90.3%,66.7%,2,22.2%,4,18.2%,3,42.9%,-4157.142857,454.1666667
P0067,あすてる,1,1,10,-15.9,4,0,0,0,1,0.0%,0.0%,0.0%,9100,9100,-15.9,1,10.0%,1,0,100.0%,8000,8000,4,30,4,40.0%,4675,0,0.0%,,2,20.0%,1,50.0%,0,1,10.0%,2,0,0.0%,0,0,1,1,-15900,-1590,9000,-8000,10,0,100.0%,全期間,,,9100,0.0%,0.0%,100.0%,8000,60.0%,0.0%,0,,1,10.0%,1,50.0%,-5800,-537.5
P0067,あすてる,1,1,10,-15.9,4,0,0,0,1,0.0%,0.0%,0.0%,9100,9100,-15.9,1,10.0%,1,0,100.0%,8000,8000,4,30,4,40.0%,4675,0,0.0%,,2,20.0%,1,50.0%,0,1,10.0%,2,0,0.0%,0,0,1,1,-15900,-1590,9000,-8000,10,0,100.0%,年度,2026,,9100,0.0%,0.0%,100.0%,8000,60.0%,0.0%,0,,1,10.0%,1,50.0%,-5800,-537.5
P0067,あすてる,1,1,10,-15.9,4,0,0,0,1,0.0%,0.0%,0.0%,9100,9100,-15.9,1,10.0%,1,0,100.0%,8000,8000,4,30,4,40.0%,4675,0,0.0%,,2,20.0%,1,50.0%,0,1,10.0%,2,0,0.0%,0,0,1,1,-15900,-1590,9000,-8000,10,0,100.0%,シーズン,2026,セミファイナル,9100,0.0%,0.0%,100.0%,8000,60.0%,0.0%,0,,1,10.0%,1,50.0%,-5800,-537.5
P0070,アベキング,2,2,24,33.1,2,0,2,0,0,0.0%,100.0%,100.0%,41550,44300,16.55,8,33.3%,1,7,12.5%,6237.5,12000,3.125,32.5,1,4.2%,1500,6,25.0%,2.166666667,3,12.5%,3,100.0%,5,3,12.5%,7,3,42.9%,0,0.625,0.8571428571,0.1428571429,33100,1379.166667,12000,-6100,24,0,100.0%,全期間,,,38800,100.0%,0.0%,0.0%,1500,95.8%,62.5%,4,66.7%,4,22.2%,0,0.0%,1357.142857,1388.235294
P0070,アベキング,2,2,24,33.1,2,0,2,0,0,0.0%,100.0%,100.0%,41550,44300,16.55,8,33.3%,1,7,12.5%,6237.5,12000,3.125,32.5,1,4.2%,1500,6,25.0%,2.166666667,3,12.5%,3,100.0%,5,3,12.5%,7,3,42.9%,0,0.625,0.8571428571,0.1428571429,33100,1379.166667,12000,-6100,24,0,100.0%,年度,2026,,38800,100.0%,0.0%,0.0%,1500,95.8%,62.5%,4,66.7%,4,22.2%,0,0.0%,1357.142857,1388.235294
P0070,アベキング,2,2,24,33.1,2,0,2,0,0,0.0%,100.0%,100.0%,41550,44300,16.55,8,33.3%,1,7,12.5%,6237.5,12000,3.125,32.5,1,4.2%,1500,6,25.0%,2.166666667,3,12.5%,3,100.0%,5,3,12.5%,7,3,42.9%,0,0.625,0.8571428571,0.1428571429,33100,1379.166667,12000,-6100,24,0,100.0%,シーズン,2026,セミファイナル,38800,100.0%,0.0%,0.0%,1500,95.8%,62.5%,4,66.7%,4,22.2%,0,0.0%,1357.142857,1388.235294
P0075,エイデン二号機,4,4,45,44.4,1.75,2,1,1,0,50.0%,75.0%,100.0%,36100,43200,11.1,13,28.9%,4,9,30.8%,5607.692308,12000,3.153846154,32.30769231,3,6.7%,3900,22,48.9%,3.090909091,8,17.8%,6,75.0%,7,4,8.9%,11,3,27.3%,0,0.4615384615,0.4615384615,0.3846153846,44400,986.6666667,12900,-6200,45,0,100.0%,全期間,,,32000,25.0%,25.0%,0.0%,5200,93.3%,53.8%,6,27.3%,7,30.4%,0,0.0%,1690.909091,758.8235294
P0075,エイデン二号機,4,4,45,44.4,1.75,2,1,1,0,50.0%,75.0%,100.0%,36100,43200,11.1,13,28.9%,4,9,30.8%,5607.692308,12000,3.153846154,32.30769231,3,6.7%,3900,22,48.9%,3.090909091,8,17.8%,6,75.0%,7,4,8.9%,11,3,27.3%,0,0.4615384615,0.4615384615,0.3846153846,44400,986.6666667,12900,-6200,45,0,100.0%,年度,2026,,32000,25.0%,25.0%,0.0%,5200,93.3%,53.8%,6,27.3%,7,30.4%,0,0.0%,1690.909091,758.8235294
P0075,エイデン二号機,2,2,23,18.6,2,1,0,1,0,50.0%,50.0%,100.0%,34300,36600,9.3,6,26.1%,2,4,33.3%,5716.666667,12000,3.5,30,2,8.7%,3900,11,47.8%,3.181818182,4,17.4%,3,75.0%,3,2,8.7%,5,1,20.0%,0,0.6666666667,0.6666666667,0.5,18600,808.6956522,12900,-6200,23,0,100.0%,シーズン,2026,セミファイナル,32000,0.0%,50.0%,0.0%,5200,91.3%,50.0%,2,18.2%,4,33.3%,0,0.0%,220,972.2222222
P0081,おさやスイープ,2,2,19,-22,3.5,0,0,1,1,0.0%,0.0%,50.0%,14000,18400,-11,3,15.8%,0,3,0.0%,5733.333333,12000,2.666666667,33.33333333,4,21.1%,5950,6,31.6%,1.666666667,4,21.1%,2,50.0%,1,4,21.1%,5,1,20.0%,0,0.6666666667,0.3333333333,0.3333333333,-22000,-1157.894737,13000,-9000,19,0,100.0%,全期間,,,9600,0.0%,50.0%,50.0%,8000,78.9%,33.3%,1,16.7%,2,15.4%,1,20.0%,-1060,-1192.857143
P0081,おさやスイープ,2,2,19,-22,3.5,0,0,1,1,0.0%,0.0%,50.0%,14000,18400,-11,3,15.8%,0,3,0.0%,5733.333333,12000,2.666666667,33.33333333,4,21.1%,5950,6,31.6%,1.666666667,4,21.1%,2,50.0%,1,4,21.1%,5,1,20.0%,0,0.6666666667,0.3333333333,0.3333333333,-22000,-1157.894737,13000,-9000,19,0,100.0%,年度,2026,,9600,0.0%,50.0%,50.0%,8000,78.9%,33.3%,1,16.7%,2,15.4%,1,20.0%,-1060,-1192.857143
P0081,おさやスイープ,2,2,19,-22,3.5,0,0,1,1,0.0%,0.0%,50.0%,14000,18400,-11,3,15.8%,0,3,0.0%,5733.333333,12000,2.666666667,33.33333333,4,21.1%,5950,6,31.6%,1.666666667,4,21.1%,2,50.0%,1,4,21.1%,5,1,20.0%,0,0.6666666667,0.3333333333,0.3333333333,-22000,-1157.894737,13000,-9000,19,0,100.0%,シーズン,2026,セミファイナル,9600,0.0%,50.0%,50.0%,8000,78.9%,33.3%,1,16.7%,2,15.4%,1,20.0%,-1060,-1192.857143
P0096,キラ、,2,2,25,-3,2.5,1,0,0,1,50.0%,50.0%,50.0%,23500,43700,-1.5,4,16.0%,3,1,75.0%,8775,18000,3.75,35,2,8.0%,7300,0,0.0%,3.125,0,0.0%,4,,0,5,20.0%,7,2,28.6%,0,0.75,0.25,1,-3000,-120,18000,-12000,25,0,100.0%,全期間,,,3300,0.0%,0.0%,50.0%,12000,92.0%,0.0%,0,,4,16.0%,0,0.0%,1728.571429,-838.8888889
P0096,キラ、,2,2,25,-3,2.5,1,0,0,1,50.0%,50.0%,50.0%,23500,43700,-1.5,4,16.0%,3,1,75.0%,8775,18000,3.75,35,2,8.0%,7300,0,0.0%,3.125,0,0.0%,4,,0,5,20.0%,7,2,28.6%,0,0.75,0.25,1,-3000,-120,18000,-12000,25,0,100.0%,年度,2026,,3300,0.0%,0.0%,50.0%,12000,92.0%,0.0%,0,,4,16.0%,0,0.0%,1728.571429,-838.8888889
P0096,キラ、,1,1,11,-21.7,4,0,0,0,1,0.0%,0.0%,0.0%,3300,3300,-21.7,1,9.1%,0,1,0.0%,3900,3900,2,40,2,18.2%,7300,0,0.0%,1.5,0,0.0%,1,,0,0,0.0%,3,1,33.3%,0,0,1,0,-21700,-1972.727273,3900,-12000,11,0,100.0%,シーズン,2026,セミファイナル,3300,0.0%,0.0%,100.0%,12000,81.8%,0.0%,0,,1,9.1%,0,0.0%,-366.6666667,-2575
P0101,くれば,4,4,47,34.525,2.5,0,3,0,1,0.0%,75.0%,75.0%,33631.25,53300,8.63125,13,27.7%,5,8,38.5%,5753.846154,12000,3.384615385,32.30769231,6,12.8%,4400,9,19.1%,2,15,31.9%,8,53.3%,5,8,17.0%,14,4,28.6%,0,0.3846153846,0.5384615385,0.2307692308,34525,734.5744681,15300,-8000,47,0,100.0%,全期間,,,15625,75.0%,0.0%,25.0%,8000,87.2%,38.5%,4,44.4%,9,23.7%,1,7.1%,1214.285714,531.0606061
P0101,くれば,4,4,47,34.525,2.5,0,3,0,1,0.0%,75.0%,75.0%,33631.25,53300,8.63125,13,27.7%,5,8,38.5%,5753.846154,12000,3.384615385,32.30769231,6,12.8%,4400,9,19.1%,2,15,31.9%,8,53.3%,5,8,17.0%,14,4,28.6%,0,0.3846153846,0.5384615385,0.2307692308,34525,734.5744681,15300,-8000,47,0,100.0%,年度,2026,,15625,75.0%,0.0%,25.0%,8000,87.2%,38.5%,4,44.4%,9,23.7%,1,7.1%,1214.285714,531.0606061
P0101,くれば,2,2,25,37.1,2,0,2,0,0,0.0%,100.0%,100.0%,43550,53300,18.55,9,36.0%,2,7,22.2%,5555.555556,12000,3.444444444,32.77777778,1,4.0%,2900,6,24.0%,1.666666667,7,28.0%,4,57.1%,5,4,16.0%,7,2,28.6%,0,0.5555555556,0.6666666667,0.3333333333,37100,1484,15300,-4200,25,0,100.0%,シーズン,2026,セミファイナル,33800,100.0%,0.0%,0.0%,2900,96.0%,55.6%,4,66.7%,5,26.3%,0,0.0%,1142.857143,1616.666667
P0102,けっけ,3,3,35,9.4,2.333333333,0,2,1,0,0.0%,66.7%,100.0%,28133.33333,32500,3.133333333,8,22.9%,5,3,62.5%,6962.5,12000,3.625,35,7,20.0%,3885.714286,10,28.6%,2.4,8,22.9%,3,37.5%,5,5,14.3%,10,3,30.0%,0,1,0.5,0.375,9400,268.5714286,12000,-8300,35,0,100.0%,全期間,,,25500,66.7%,33.3%,0.0%,8000,80.0%,62.5%,5,50.0%,3,12.0%,2,20.0%,1060,-48
P0102,けっけ,3,3,35,9.4,2.333333333,0,2,1,0,0.0%,66.7%,100.0%,28133.33333,32500,3.133333333,8,22.9%,5,3,62.5%,6962.5,12000,3.625,35,7,20.0%,3885.714286,10,28.6%,2.4,8,22.9%,3,37.5%,5,5,14.3%,10,3,30.0%,0,1,0.5,0.375,9400,268.5714286,12000,-8300,35,0,100.0%,年度,2026,,25500,66.7%,33.3%,0.0%,8000,80.0%,62.5%,5,50.0%,3,12.0%,2,20.0%,1060,-48
P0102,けっけ,2,2,20,8,2.5,0,1,1,0,0.0%,50.0%,100.0%,29000,32500,4,3,15.0%,1,2,33.3%,7066.666667,8000,4,30,3,15.0%,4833.333333,4,20.0%,2.5,3,15.0%,1,33.3%,2,5,25.0%,5,0,0.0%,0,1,0.6666666667,0.6666666667,8000,400,10600,-8300,20,0,100.0%,シーズン,2026,セミファイナル,25500,50.0%,50.0%,0.0%,8000,85.0%,66.7%,1,25.0%,2,12.5%,1,20.0%,-620,740
P0106,ご飯にバター,2,2,23,-32.2,3.5,0,0,1,1,0.0%,0.0%,50.0%,8900,9400,-16.1,3,13.0%,1,2,33.3%,2533.333333,3900,2,33.33333333,5,21.7%,5220,4,17.4%,1.5,5,21.7%,2,40.0%,1,4,17.4%,5,0,0.0%,0,0.3333333333,0,0,-32200,-1400,3900,-8300,23,0,100.0%,全期間,,,8400,0.0%,50.0%,50.0%,8000,78.3%,33.3%,0,0.0%,3,15.8%,1,20.0%,-1320,-1422.222222
P0106,ご飯にバター,2,2,23,-32.2,3.5,0,0,1,1,0.0%,0.0%,50.0%,8900,9400,-16.1,3,13.0%,1,2,33.3%,2533.333333,3900,2,33.33333333,5,21.7%,5220,4,17.4%,1.5,5,21.7%,2,40.0%,1,4,17.4%,5,0,0.0%,0,0.3333333333,0,0,-32200,-1400,3900,-8300,23,0,100.0%,年度,2026,,8400,0.0%,50.0%,50.0%,8000,78.3%,33.3%,0,0.0%,3,15.8%,1,20.0%,-1320,-1422.222222
P0106,ご飯にバター,2,2,23,-32.2,3.5,0,0,1,1,0.0%,0.0%,50.0%,8900,9400,-16.1,3,13.0%,1,2,33.3%,2533.333333,3900,2,33.33333333,5,21.7%,5220,4,17.4%,1.5,5,21.7%,2,40.0%,1,4,17.4%,5,0,0.0%,0,0.3333333333,0,0,-32200,-1400,3900,-8300,23,0,100.0%,シーズン,2026,セミファイナル,8400,0.0%,50.0%,50.0%,8000,78.3%,33.3%,0,0.0%,3,15.8%,1,20.0%,-1320,-1422.222222
P0109,サブ垢先輩,2,2,27,28.1,1.5,1,1,0,0,50.0%,100.0%,100.0%,39050,42400,14.05,6,22.2%,3,3,50.0%,7650,18000,3.833333333,30,3,11.1%,1966.666667,6,22.2%,2.833333333,6,22.2%,3,50.0%,3,5,18.5%,9,3,33.3%,0,0.8333333333,0.6666666667,0.3333333333,28100,1040.740741,18000,-4200,27,0,100.0%,全期間,,,35700,50.0%,0.0%,0.0%,2900,88.9%,50.0%,2,33.3%,4,19.0%,1,11.1%,2700,211.1111111
P0109,サブ垢先輩,2,2,27,28.1,1.5,1,1,0,0,50.0%,100.0%,100.0%,39050,42400,14.05,6,22.2%,3,3,50.0%,7650,18000,3.833333333,30,3,11.1%,1966.666667,6,22.2%,2.833333333,6,22.2%,3,50.0%,3,5,18.5%,9,3,33.3%,0,0.8333333333,0.6666666667,0.3333333333,28100,1040.740741,18000,-4200,27,0,100.0%,年度,2026,,35700,50.0%,0.0%,0.0%,2900,88.9%,50.0%,2,33.3%,4,19.0%,1,11.1%,2700,211.1111111
P0109,サブ垢先輩,2,2,27,28.1,1.5,1,1,0,0,50.0%,100.0%,100.0%,39050,42400,14.05,6,22.2%,3,3,50.0%,7650,18000,3.833333333,30,3,11.1%,1966.666667,6,22.2%,2.833333333,6,22.2%,3,50.0%,3,5,18.5%,9,3,33.3%,0,0.8333333333,0.6666666667,0.3333333333,28100,1040.740741,18000,-4200,27,0,100.0%,シーズン,2026,セミファイナル,35700,50.0%,0.0%,0.0%,2900,88.9%,50.0%,2,33.3%,4,19.0%,1,11.1%,2700,211.1111111
P0110,サンタマルコ,3,3,38,-8.1,2.666666667,1,0,1,1,33.3%,33.3%,66.7%,22300,32600,-2.7,6,15.8%,2,4,33.3%,4950,12000,2.333333333,36.66666667,5,13.2%,4520,16,42.1%,2.8125,6,15.8%,1,16.7%,5,10,26.3%,13,4,30.8%,0,0.3333333333,0,0.1666666667,-8100,-213.1578947,18500,-8600,38,0,100.0%,全期間,,,15700,0.0%,33.3%,33.3%,8000,86.8%,83.3%,5,31.3%,1,4.5%,2,15.4%,446.1538462,-556
P0110,サンタマルコ,3,3,38,-8.1,2.666666667,1,0,1,1,33.3%,33.3%,66.7%,22300,32600,-2.7,6,15.8%,2,4,33.3%,4950,12000,2.333333333,36.66666667,5,13.2%,4520,16,42.1%,2.8125,6,15.8%,1,16.7%,5,10,26.3%,13,4,30.8%,0,0.3333333333,0,0.1666666667,-8100,-213.1578947,18500,-8600,38,0,100.0%,年度,2026,,15700,0.0%,33.3%,33.3%,8000,86.8%,83.3%,5,31.3%,1,4.5%,2,15.4%,446.1538462,-556
P0110,サンタマルコ,3,3,38,-8.1,2.666666667,1,0,1,1,33.3%,33.3%,66.7%,22300,32600,-2.7,6,15.8%,2,4,33.3%,4950,12000,2.333333333,36.66666667,5,13.2%,4520,16,42.1%,2.8125,6,15.8%,1,16.7%,5,10,26.3%,13,4,30.8%,0,0.3333333333,0,0.1666666667,-8100,-213.1578947,18500,-8600,38,0,100.0%,シーズン,2026,セミファイナル,15700,0.0%,33.3%,33.3%,8000,86.8%,83.3%,5,31.3%,1,4.5%,2,15.4%,446.1538462,-556
P0119,しんじゃうツモ,1,1,12,-8.1,3,0,0,1,0,0.0%,0.0%,100.0%,16900,16900,-8.1,2,16.7%,1,1,50.0%,3350,5200,2,35,1,8.3%,3900,4,33.3%,2.75,2,16.7%,1,50.0%,1,2,16.7%,3,1,33.3%,0,1,0,0,-8100,-675,5800,-5500,12,0,100.0%,全期間,,,16900,0.0%,100.0%,0.0%,3900,91.7%,50.0%,1,25.0%,1,12.5%,0,0.0%,166.6666667,-955.5555556
P0119,しんじゃうツモ,1,1,12,-8.1,3,0,0,1,0,0.0%,0.0%,100.0%,16900,16900,-8.1,2,16.7%,1,1,50.0%,3350,5200,2,35,1,8.3%,3900,4,33.3%,2.75,2,16.7%,1,50.0%,1,2,16.7%,3,1,33.3%,0,1,0,0,-8100,-675,5800,-5500,12,0,100.0%,年度,2026,,16900,0.0%,100.0%,0.0%,3900,91.7%,50.0%,1,25.0%,1,12.5%,0,0.0%,166.6666667,-955.5555556
P0119,しんじゃうツモ,1,1,12,-8.1,3,0,0,1,0,0.0%,0.0%,100.0%,16900,16900,-8.1,2,16.7%,1,1,50.0%,3350,5200,2,35,1,8.3%,3900,4,33.3%,2.75,2,16.7%,1,50.0%,1,2,16.7%,3,1,33.3%,0,1,0,0,-8100,-675,5800,-5500,12,0,100.0%,シーズン,2026,セミファイナル,16900,0.0%,100.0%,0.0%,3900,91.7%,50.0%,1,25.0%,1,12.5%,0,0.0%,166.6666667,-955.5555556
P0121,すー,2,2,26,91.4,1,2,0,0,0,100.0%,100.0%,100.0%,70700,96100,45.7,8,30.8%,7,1,87.5%,13412.5,48000,5.75,28.125,2,7.7%,3900,6,23.1%,4,10,38.5%,6,60.0%,2,4,15.4%,8,3,37.5%,1,0.125,0.375,0.5,91400,3515.384615,49300,-4100,26,0,100.0%,全期間,,,45300,0.0%,0.0%,0.0%,3900,92.3%,25.0%,1,16.7%,7,35.0%,1,12.5%,5912.5,2450
P0121,すー,2,2,26,91.4,1,2,0,0,0,100.0%,100.0%,100.0%,70700,96100,45.7,8,30.8%,7,1,87.5%,13412.5,48000,5.75,28.125,2,7.7%,3900,6,23.1%,4,10,38.5%,6,60.0%,2,4,15.4%,8,3,37.5%,1,0.125,0.375,0.5,91400,3515.384615,49300,-4100,26,0,100.0%,年度,2026,,45300,0.0%,0.0%,0.0%,3900,92.3%,25.0%,1,16.7%,7,35.0%,1,12.5%,5912.5,2450
P0121,すー,2,2,26,91.4,1,2,0,0,0,100.0%,100.0%,100.0%,70700,96100,45.7,8,30.8%,7,1,87.5%,13412.5,48000,5.75,28.125,2,7.7%,3900,6,23.1%,4,10,38.5%,6,60.0%,2,4,15.4%,8,3,37.5%,1,0.125,0.375,0.5,91400,3515.384615,49300,-4100,26,0,100.0%,シーズン,2026,セミファイナル,45300,0.0%,0.0%,0.0%,3900,92.3%,25.0%,1,16.7%,7,35.0%,1,12.5%,5912.5,2450
P0127,ソニア@SMY会,3,3,40,-73.5,4,0,0,0,3,0.0%,0.0%,0.0%,500,12300,-24.5,4,10.0%,1,3,25.0%,4250,7700,2,40,8,20.0%,7300,11,27.5%,2.727272727,5,12.5%,1,20.0%,3,9,22.5%,9,3,33.3%,0,0.5,0.25,0,-73500,-1837.5,7700,-12300,40,0,100.0%,全期間,,,-12500,0.0%,0.0%,100.0%,12000,80.0%,75.0%,2,18.2%,2,6.9%,3,33.3%,-544.4444444,-2212.903226
P0127,ソニア@SMY会,3,3,40,-73.5,4,0,0,0,3,0.0%,0.0%,0.0%,500,12300,-24.5,4,10.0%,1,3,25.0%,4250,7700,2,40,8,20.0%,7300,11,27.5%,2.727272727,5,12.5%,1,20.0%,3,9,22.5%,9,3,33.3%,0,0.5,0.25,0,-73500,-1837.5,7700,-12300,40,0,100.0%,年度,2026,,-12500,0.0%,0.0%,100.0%,12000,80.0%,75.0%,2,18.2%,2,6.9%,3,33.3%,-544.4444444,-2212.903226
P0127,ソニア@SMY会,1,1,15,-37.5,4,0,0,0,1,0.0%,0.0%,0.0%,-12500,-12500,-37.5,1,6.7%,1,0,100.0%,1500,1500,1,40,4,26.7%,5700,3,20.0%,2.333333333,1,6.7%,0,0.0%,1,3,20.0%,2,0,0.0%,0,0,0,0,-37500,-2500,2500,-8000,15,0,100.0%,シーズン,2026,セミファイナル,-12500,0.0%,0.0%,100.0%,8000,73.3%,100.0%,1,33.3%,0,0.0%,2,100.0%,-7200,-1776.923077
P0129,だーはら,1,1,11,1,3,0,0,1,0,0.0%,0.0%,100.0%,26000,26000,1,2,18.2%,2,0,100.0%,7000,8000,4,30,3,27.3%,3133.333333,5,45.5%,2.8,2,18.2%,1,50.0%,1,0,0.0%,3,1,33.3%,0,1,1.5,0,1000,90.90909091,9000,-4200,11,0,100.0%,全期間,,,26000,0.0%,100.0%,0.0%,3900,72.7%,50.0%,1,20.0%,1,16.7%,1,33.3%,-66.66666667,150
P0129,だーはら,1,1,11,1,3,0,0,1,0,0.0%,0.0%,100.0%,26000,26000,1,2,18.2%,2,0,100.0%,7000,8000,4,30,3,27.3%,3133.333333,5,45.5%,2.8,2,18.2%,1,50.0%,1,0,0.0%,3,1,33.3%,0,1,1.5,0,1000,90.90909091,9000,-4200,11,0,100.0%,年度,2026,,26000,0.0%,100.0%,0.0%,3900,72.7%,50.0%,1,20.0%,1,16.7%,1,33.3%,-66.66666667,150
P0129,だーはら,1,1,11,1,3,0,0,1,0,0.0%,0.0%,100.0%,26000,26000,1,2,18.2%,2,0,100.0%,7000,8000,4,30,3,27.3%,3133.333333,5,45.5%,2.8,2,18.2%,1,50.0%,1,0,0.0%,3,1,33.3%,0,1,1.5,0,1000,90.90909091,9000,-4200,11,0,100.0%,シーズン,2026,セミファイナル,26000,0.0%,100.0%,0.0%,3900,72.7%,50.0%,1,20.0%,1,16.7%,1,33.3%,-66.66666667,150
P0136,チン☆パラ,2,2,20,-1.2,2.5,0,1,1,0,0.0%,50.0%,100.0%,24400,36800,-0.6,5,25.0%,0,5,0.0%,4300,12000,2.8,38,3,15.0%,3500,5,25.0%,3.8,6,30.0%,4,66.7%,1,2,10.0%,4,0,0.0%,0,0.2,0.8,0,-1200,-60,13000,-8000,20,0,100.0%,全期間,,,12000,50.0%,50.0%,0.0%,8000,85.0%,20.0%,2,40.0%,3,20.0%,2,50.0%,-2875,643.75
P0136,チン☆パラ,2,2,20,-1.2,2.5,0,1,1,0,0.0%,50.0%,100.0%,24400,36800,-0.6,5,25.0%,0,5,0.0%,4300,12000,2.8,38,3,15.0%,3500,5,25.0%,3.8,6,30.0%,4,66.7%,1,2,10.0%,4,0,0.0%,0,0.2,0.8,0,-1200,-60,13000,-8000,20,0,100.0%,年度,2026,,12000,50.0%,50.0%,0.0%,8000,85.0%,20.0%,2,40.0%,3,20.0%,2,50.0%,-2875,643.75
P0136,チン☆パラ,1,1,9,11.8,2,0,1,0,0,0.0%,100.0%,100.0%,36800,36800,11.8,3,33.3%,0,3,0.0%,6166.666667,12000,3.666666667,43.33333333,0,0.0%,,3,33.3%,4.333333333,3,33.3%,3,100.0%,0,1,11.1%,2,0,0.0%,0,0.3333333333,1.333333333,0,11800,1311.111111,13000,-4200,9,0,100.0%,シーズン,2026,セミファイナル,36800,100.0%,0.0%,0.0%,,100.0%,0.0%,1,33.3%,2,33.3%,0,0.0%,-750,1900
P0143,どっち？弾平,3,3,32,-24.9,3,0,1,1,1,0.0%,33.3%,66.7%,16700,29400,-8.3,8,25.0%,2,6,25.0%,4250,12000,2.625,30,7,21.9%,5442.857143,10,31.3%,2.8,4,12.5%,2,50.0%,6,4,12.5%,9,2,22.2%,0,0.375,0.625,0,-24900,-778.125,12000,-12000,32,0,100.0%,全期間,,,2300,33.3%,33.3%,33.3%,12000,78.1%,75.0%,6,60.0%,2,9.1%,2,22.2%,-966.6666667,-704.3478261
P0143,どっち？弾平,3,3,32,-24.9,3,0,1,1,1,0.0%,33.3%,66.7%,16700,29400,-8.3,8,25.0%,2,6,25.0%,4250,12000,2.625,30,7,21.9%,5442.857143,10,31.3%,2.8,4,12.5%,2,50.0%,6,4,12.5%,9,2,22.2%,0,0.375,0.625,0,-24900,-778.125,12000,-12000,32,0,100.0%,年度,2026,,2300,33.3%,33.3%,33.3%,12000,78.1%,75.0%,6,60.0%,2,9.1%,2,22.2%,-966.6666667,-704.3478261
P0143,どっち？弾平,1,1,12,-22.7,4,0,0,0,1,0.0%,0.0%,0.0%,2300,2300,-22.7,1,8.3%,1,0,100.0%,8000,8000,5,30,4,33.3%,5525,2,16.7%,1,2,16.7%,1,50.0%,0,2,16.7%,3,0,0.0%,0,1,1,0,-22700,-1891.666667,8000,-12000,12,0,100.0%,シーズン,2026,セミファイナル,2300,0.0%,0.0%,100.0%,12000,66.7%,0.0%,0,0.0%,1,10.0%,1,33.3%,-2100,-1822.222222
P0155,ねこます,3,3,31,-19.5,3.333333333,0,1,0,2,0.0%,33.3%,33.3%,18500,25900,-6.5,3,9.7%,1,2,33.3%,4566.666667,7800,3,26.66666667,4,12.9%,1850,9,29.0%,2.333333333,8,25.8%,1,12.5%,2,4,12.9%,7,1,14.3%,0,0.3333333333,0.6666666667,0,-19500,-629.0322581,7800,-5200,31,0,100.0%,全期間,,,9800,33.3%,0.0%,66.7%,3900,87.1%,66.7%,2,22.2%,1,4.5%,2,28.6%,-385.7142857,-700
P0155,ねこます,2,2,21,-14.3,3,0,1,0,1,0.0%,50.0%,50.0%,17850,25900,-7.15,2,9.5%,1,1,50.0%,4566.666667,7800,3,26.66666667,3,14.3%,1850,7,33.3%,2.333333333,5,23.8%,1,20.0%,1,4,19.0%,7,1,14.3%,0,0.3333333333,0.6666666667,0,-19500,-928.5714286,7800,-5200,31,0,147.6%,年度,2026,,9800,50.0%,0.0%,50.0%,3900,85.7%,50.0%,2,28.6%,0,0.0%,2,28.6%,-385.7142857,-700
P0155,ねこます,1,1,10,0.9,2,0,1,0,0,0.0%,100.0%,100.0%,25900,25900,0.9,2,20.0%,1,1,50.0%,4900,7800,3,25,0,0.0%,,5,50.0%,1.6,2,20.0%,1,50.0%,1,2,20.0%,3,1,33.3%,0,0.5,0.5,0,900,90,7800,-2200,10,0,100.0%,シーズン,2026,セミファイナル,25900,100.0%,0.0%,0.0%,,100.0%,50.0%,1,20.0%,1,20.0%,0,0.0%,2100,-771.4285714
P0156,パイ乙戦士全ツ,3,3,31,-23.4,3,0,0,3,0,0.0%,0.0%,100.0%,17200,19100,-7.8,3,9.7%,1,2,33.3%,2433.333333,5200,1.666666667,33.33333333,0,0.0%,,8,25.8%,2.75,5,16.1%,1,20.0%,2,3,9.7%,7,0,0.0%,0,0,0.3333333333,0.3333333333,-23400,-754.8387097,6500,-7100,31,0,100.0%,全期間,,,16100,0.0%,100.0%,0.0%,,100.0%,66.7%,2,25.0%,1,4.3%,0,0.0%,-2485.714286,-250
P0156,パイ乙戦士全ツ,3,3,31,-23.4,3,0,0,3,0,0.0%,0.0%,100.0%,17200,19100,-7.8,3,9.7%,1,2,33.3%,2433.333333,5200,1.666666667,33.33333333,0,0.0%,,8,25.8%,2.75,5,16.1%,1,20.0%,2,3,9.7%,7,0,0.0%,0,0,0.3333333333,0.3333333333,-23400,-754.8387097,6500,-7100,31,0,100.0%,年度,2026,,16100,0.0%,100.0%,0.0%,,100.0%,66.7%,2,25.0%,1,4.3%,0,0.0%,-2485.714286,-250
P0156,パイ乙戦士全ツ,2,2,21,-14.5,3,0,0,2,0,0.0%,0.0%,100.0%,17750,19100,-7.25,3,14.3%,1,2,33.3%,2433.333333,5200,1.666666667,33.33333333,0,0.0%,,5,23.8%,2.6,3,14.3%,1,33.3%,2,2,9.5%,4,0,0.0%,0,0,0.3333333333,0.3333333333,-14500,-690.4761905,6500,-6000,21,0,100.0%,シーズン,2026,セミファイナル,16400,0.0%,100.0%,0.0%,,100.0%,66.7%,2,40.0%,1,6.3%,0,0.0%,-3000,-147.0588235
P0159,はなびん,1,1,11,-51.1,4,0,0,0,1,0.0%,0.0%,0.0%,-26100,-26100,-51.1,0,0.0%,0,0,,,,,,7,63.6%,6657.142857,3,27.3%,2.666666667,2,18.2%,0,0.0%,0,1,9.1%,2,0,0.0%,0,,,,-51100,-4645.454545,0,-13000,11,0,100.0%,全期間,,,-26100,0.0%,0.0%,100.0%,12000,36.4%,,0,0.0%,0,0.0%,1,50.0%,-1950,-5244.444444
P0159,はなびん,1,1,11,-51.1,4,0,0,0,1,0.0%,0.0%,0.0%,-26100,-26100,-51.1,0,0.0%,0,0,,,,,,7,63.6%,6657.142857,3,27.3%,2.666666667,2,18.2%,0,0.0%,0,1,9.1%,2,0,0.0%,0,,,,-51100,-4645.454545,0,-13000,11,0,100.0%,年度,2026,,-26100,0.0%,0.0%,100.0%,12000,36.4%,,0,0.0%,0,0.0%,1,50.0%,-1950,-5244.444444
P0159,はなびん,1,1,11,-51.1,4,0,0,0,1,0.0%,0.0%,0.0%,-26100,-26100,-51.1,0,0.0%,0,0,,,,,,7,63.6%,6657.142857,3,27.3%,2.666666667,2,18.2%,0,0.0%,0,1,9.1%,2,0,0.0%,0,,,,-51100,-4645.454545,0,-13000,11,0,100.0%,シーズン,2026,セミファイナル,-26100,0.0%,0.0%,100.0%,12000,36.4%,,0,0.0%,0,0.0%,1,50.0%,-1950,-5244.444444
P0165,フィクション,1,1,9,5.7,3,0,0,1,0,0.0%,0.0%,100.0%,30700,30700,5.7,3,33.3%,0,3,0.0%,9033.333333,18000,4.333333333,33.33333333,2,22.2%,15000,4,44.4%,4,4,44.4%,2,50.0%,1,1,11.1%,3,1,33.3%,0,2,1,0,5700,633.3333333,19300,-13000,9,0,100.0%,全期間,,,30700,0.0%,100.0%,0.0%,18000,77.8%,33.3%,1,25.0%,2,40.0%,1,33.3%,3366.666667,-733.3333333
P0165,フィクション,1,1,9,5.7,3,0,0,1,0,0.0%,0.0%,100.0%,30700,30700,5.7,3,33.3%,0,3,0.0%,9033.333333,18000,4.333333333,33.33333333,2,22.2%,15000,4,44.4%,4,4,44.4%,2,50.0%,1,1,11.1%,3,1,33.3%,0,2,1,0,5700,633.3333333,19300,-13000,9,0,100.0%,年度,2026,,30700,0.0%,100.0%,0.0%,18000,77.8%,33.3%,1,25.0%,2,40.0%,1,33.3%,3366.666667,-733.3333333
P0165,フィクション,1,1,9,5.7,3,0,0,1,0,0.0%,0.0%,100.0%,30700,30700,5.7,3,33.3%,0,3,0.0%,9033.333333,18000,4.333333333,33.33333333,2,22.2%,15000,4,44.4%,4,4,44.4%,2,50.0%,1,1,11.1%,3,1,33.3%,0,2,1,0,5700,633.3333333,19300,-13000,9,0,100.0%,シーズン,2026,セミファイナル,30700,0.0%,100.0%,0.0%,18000,77.8%,33.3%,1,25.0%,2,40.0%,1,33.3%,3366.666667,-733.3333333
P0171,ブ茶ラティ,3,3,32,9.6,2,1,1,1,0,33.3%,66.7%,100.0%,28200,35500,3.2,5,15.6%,4,1,80.0%,6360,8000,3.8,28,4,12.5%,2275,11,34.4%,3.181818182,6,18.8%,3,50.0%,2,6,18.8%,7,1,14.3%,0,0.6,0.2,0.4,9600,300,8300,-6500,32,0,100.0%,全期間,,,21400,33.3%,33.3%,0.0%,5800,87.5%,40.0%,2,18.2%,3,14.3%,2,28.6%,-800,608
P0171,ブ茶ラティ,3,3,32,9.6,2,1,1,1,0,33.3%,66.7%,100.0%,28200,35500,3.2,5,15.6%,4,1,80.0%,6360,8000,3.8,28,4,12.5%,2275,11,34.4%,3.181818182,6,18.8%,3,50.0%,2,6,18.8%,7,1,14.3%,0,0.6,0.2,0.4,9600,300,8300,-6500,32,0,100.0%,年度,2026,,21400,33.3%,33.3%,0.0%,5800,87.5%,40.0%,2,18.2%,3,14.3%,2,28.6%,-800,608
P0171,ブ茶ラティ,1,1,10,-3.6,3,0,0,1,0,0.0%,0.0%,100.0%,21400,21400,-3.6,1,10.0%,0,1,0.0%,3900,3900,3,30,0,0.0%,,2,20.0%,3,1,10.0%,0,0.0%,1,1,10.0%,2,0,0.0%,0,1,1,0,-3600,-360,4200,-2600,10,0,100.0%,シーズン,2026,セミファイナル,21400,0.0%,100.0%,0.0%,,100.0%,100.0%,1,50.0%,0,0.0%,0,0.0%,-1300,-125
P0175,ペン,2,2,17,-12.7,3.5,0,0,1,1,0.0%,0.0%,50.0%,18650,24500,-6.35,3,17.6%,2,1,66.7%,5066.666667,8000,3.333333333,33.33333333,5,29.4%,3940,3,17.6%,2,7,41.2%,2,28.6%,1,4,23.5%,5,1,20.0%,0,0.3333333333,0.3333333333,0,-12700,-747.0588235,9000,-8000,17,0,100.0%,全期間,,,12800,0.0%,50.0%,50.0%,8000,70.6%,33.3%,1,33.3%,2,14.3%,1,20.0%,-1260,-533.3333333
P0175,ペン,2,2,17,-12.7,3.5,0,0,1,1,0.0%,0.0%,50.0%,18650,24500,-6.35,3,17.6%,2,1,66.7%,5066.666667,8000,3.333333333,33.33333333,5,29.4%,3940,3,17.6%,2,7,41.2%,2,28.6%,1,4,23.5%,5,1,20.0%,0,0.3333333333,0.3333333333,0,-12700,-747.0588235,9000,-8000,17,0,100.0%,年度,2026,,12800,0.0%,50.0%,50.0%,8000,70.6%,33.3%,1,33.3%,2,14.3%,1,20.0%,-1260,-533.3333333
P0175,ペン,2,2,17,-12.7,3.5,0,0,1,1,0.0%,0.0%,50.0%,18650,24500,-6.35,3,17.6%,2,1,66.7%,5066.666667,8000,3.333333333,33.33333333,5,29.4%,3940,3,17.6%,2,7,41.2%,2,28.6%,1,4,23.5%,5,1,20.0%,0,0.3333333333,0.3333333333,0,-12700,-747.0588235,9000,-8000,17,0,100.0%,シーズン,2026,セミファイナル,12800,0.0%,50.0%,50.0%,8000,70.6%,33.3%,1,33.3%,2,14.3%,1,20.0%,-1260,-533.3333333
P0194,ミッキー柳井,2,2,25,-21.9,3.5,0,0,1,1,0.0%,0.0%,50.0%,14050,21200,-10.95,6,24.0%,3,3,50.0%,2650,4000,2.166666667,30,6,24.0%,3516.666667,9,36.0%,3.111111111,6,24.0%,2,33.3%,4,3,12.0%,6,1,16.7%,0,0.1666666667,0.5,0,-21900,-876,4600,-9000,25,0,100.0%,全期間,,,6900,0.0%,50.0%,50.0%,8000,76.0%,66.7%,4,44.4%,2,12.5%,2,33.3%,-2066.666667,-500
P0194,ミッキー柳井,2,2,25,-21.9,3.5,0,0,1,1,0.0%,0.0%,50.0%,14050,21200,-10.95,6,24.0%,3,3,50.0%,2650,4000,2.166666667,30,6,24.0%,3516.666667,9,36.0%,3.111111111,6,24.0%,2,33.3%,4,3,12.0%,6,1,16.7%,0,0.1666666667,0.5,0,-21900,-876,4600,-9000,25,0,100.0%,年度,2026,,6900,0.0%,50.0%,50.0%,8000,76.0%,66.7%,4,44.4%,2,12.5%,2,33.3%,-2066.666667,-500
P0194,ミッキー柳井,2,2,25,-21.9,3.5,0,0,1,1,0.0%,0.0%,50.0%,14050,21200,-10.95,6,24.0%,3,3,50.0%,2650,4000,2.166666667,30,6,24.0%,3516.666667,9,36.0%,3.111111111,6,24.0%,2,33.3%,4,3,12.0%,6,1,16.7%,0,0.1666666667,0.5,0,-21900,-876,4600,-9000,25,0,100.0%,シーズン,2026,セミファイナル,6900,0.0%,50.0%,50.0%,8000,76.0%,66.7%,4,44.4%,2,12.5%,2,33.3%,-2066.666667,-500
P0207,ゆっしー@,4,4,45,1.4,2.5,1,1,1,1,25.0%,50.0%,75.0%,25350,33900,0.35,8,17.8%,5,3,62.5%,6375,12000,4,31.25,5,11.1%,7520,8,17.8%,2.875,11,24.4%,6,54.5%,2,9,20.0%,8,0,0.0%,0,0.75,0.5714285714,0.4285714286,1400,31.11111111,13300,-13000,45,0,100.0%,全期間,,,19000,25.0%,25.0%,25.0%,12000,88.9%,25.0%,2,25.0%,6,16.2%,1,12.5%,-1912.5,451.3513514
P0207,ゆっしー@,4,4,45,1.4,2.5,1,1,1,1,25.0%,50.0%,75.0%,25350,33900,0.35,8,17.8%,5,3,62.5%,6375,12000,4,31.25,5,11.1%,7520,8,17.8%,2.875,11,24.4%,6,54.5%,2,9,20.0%,8,0,0.0%,0,0.75,0.5714285714,0.4285714286,1400,31.11111111,13300,-13000,45,0,100.0%,年度,2026,,19000,25.0%,25.0%,25.0%,12000,88.9%,25.0%,2,25.0%,6,16.2%,1,12.5%,-1912.5,451.3513514
P0207,ゆっしー@,2,2,20,-5.9,3,0,1,0,1,0.0%,50.0%,50.0%,22050,25100,-2.95,3,15.0%,2,1,66.7%,5266.666667,8000,3.333333333,36.66666667,1,5.0%,12000,4,20.0%,2.5,4,20.0%,3,75.0%,0,3,15.0%,4,0,0.0%,0,0.3333333333,0.6666666667,0.3333333333,-5900,-295,9000,-12000,20,0,100.0%,シーズン,2026,セミファイナル,19000,50.0%,0.0%,50.0%,12000,95.0%,0.0%,0,0.0%,3,18.8%,0,0.0%,-1550,18.75
P0210,ゆんゆん,2,2,21,5.1,2.5,0,1,1,0,0.0%,50.0%,100.0%,27550,31700,2.55,4,19.0%,0,4,0.0%,3425,5200,2.25,37.5,1,4.8%,2000,8,38.1%,2.875,4,19.0%,3,75.0%,1,5,23.8%,6,1,16.7%,0,0.5,0.25,0.25,5100,242.8571429,7800,-3000,21,0,100.0%,全期間,,,23400,50.0%,50.0%,0.0%,2000,95.2%,25.0%,1,12.5%,3,23.1%,0,0.0%,-116.6666667,386.6666667
P0210,ゆんゆん,2,2,21,5.1,2.5,0,1,1,0,0.0%,50.0%,100.0%,27550,31700,2.55,4,19.0%,0,4,0.0%,3425,5200,2.25,37.5,1,4.8%,2000,8,38.1%,2.875,4,19.0%,3,75.0%,1,5,23.8%,6,1,16.7%,0,0.5,0.25,0.25,5100,242.8571429,7800,-3000,21,0,100.0%,年度,2026,,23400,50.0%,50.0%,0.0%,2000,95.2%,25.0%,1,12.5%,3,23.1%,0,0.0%,-116.6666667,386.6666667
P0210,ゆんゆん,2,2,21,5.1,2.5,0,1,1,0,0.0%,50.0%,100.0%,27550,31700,2.55,4,19.0%,0,4,0.0%,3425,5200,2.25,37.5,1,4.8%,2000,8,38.1%,2.875,4,19.0%,3,75.0%,1,5,23.8%,6,1,16.7%,0,0.5,0.25,0.25,5100,242.8571429,7800,-3000,21,0,100.0%,シーズン,2026,セミファイナル,23400,50.0%,50.0%,0.0%,2000,95.2%,25.0%,1,12.5%,3,23.1%,0,0.0%,-116.6666667,386.6666667
P0214,りきまーる,2,2,25,-17.8,2.5,1,0,0,1,50.0%,50.0%,50.0%,16100,70800,-8.9,5,20.0%,2,3,40.0%,9040,12000,4.8,36,7,28.0%,6757.142857,5,20.0%,2.6,7,28.0%,4,57.1%,1,2,8.0%,5,1,20.0%,0,1.2,0.8,0.2,-17800,-712,12000,-12600,25,0,100.0%,全期間,,,-38600,0.0%,0.0%,50.0%,12000,72.0%,20.0%,1,20.0%,4,20.0%,2,40.0%,280,-960
P0214,りきまーる,2,2,25,-17.8,2.5,1,0,0,1,50.0%,50.0%,50.0%,16100,70800,-8.9,5,20.0%,2,3,40.0%,9040,12000,4.8,36,7,28.0%,6757.142857,5,20.0%,2.6,7,28.0%,4,57.1%,1,2,8.0%,5,1,20.0%,0,1.2,0.8,0.2,-17800,-712,12000,-12600,25,0,100.0%,年度,2026,,-38600,0.0%,0.0%,50.0%,12000,72.0%,20.0%,1,20.0%,4,20.0%,2,40.0%,280,-960
P0214,りきまーる,2,2,25,-17.8,2.5,1,0,0,1,50.0%,50.0%,50.0%,16100,70800,-8.9,5,20.0%,2,3,40.0%,9040,12000,4.8,36,7,28.0%,6757.142857,5,20.0%,2.6,7,28.0%,4,57.1%,1,2,8.0%,5,1,20.0%,0,1.2,0.8,0.2,-17800,-712,12000,-12600,25,0,100.0%,シーズン,2026,セミファイナル,-38600,0.0%,0.0%,50.0%,12000,72.0%,20.0%,1,20.0%,4,20.0%,2,40.0%,280,-960
P0215,りゅー,2,2,23,-16.2,3.5,0,0,1,1,0.0%,0.0%,50.0%,16900,19900,-8.1,2,8.7%,0,2,0.0%,2800,3300,1.5,35,1,4.3%,2600,4,17.4%,1.75,8,34.8%,1,12.5%,1,4,17.4%,8,1,12.5%,0,0.5,0,0,-16200,-704.3478261,3300,-8000,19,4,82.6%,全期間,,,13900,0.0%,50.0%,50.0%,2600,95.7%,50.0%,1,25.0%,1,5.3%,0,0.0%,-850,-626.6666667
P0215,りゅー,2,2,23,-16.2,3.5,0,0,1,1,0.0%,0.0%,50.0%,16900,19900,-8.1,2,8.7%,0,2,0.0%,2800,3300,1.5,35,1,4.3%,2600,4,17.4%,1.75,8,34.8%,1,12.5%,1,4,17.4%,8,1,12.5%,0,0.5,0,0,-16200,-704.3478261,3300,-8000,19,4,82.6%,年度,2026,,13900,0.0%,50.0%,50.0%,2600,95.7%,50.0%,1,25.0%,1,5.3%,0,0.0%,-850,-626.6666667
P0215,りゅー,2,2,23,-16.2,3.5,0,0,1,1,0.0%,0.0%,50.0%,16900,19900,-8.1,2,8.7%,0,2,0.0%,2800,3300,1.5,35,1,4.3%,2600,4,17.4%,1.75,8,34.8%,1,12.5%,1,4,17.4%,8,1,12.5%,0,0.5,0,0,-16200,-704.3478261,3300,-8000,19,4,82.6%,シーズン,2026,セミファイナル,13900,0.0%,50.0%,50.0%,2600,95.7%,50.0%,1,25.0%,1,5.3%,0,0.0%,-850,-626.6666667
P0217,リョータ,2,2,23,-18,4,0,0,0,2,0.0%,0.0%,0.0%,16000,20800,-9,4,17.4%,1,3,25.0%,4075,5800,2.75,32.5,2,8.7%,7950,5,21.7%,3.4,4,17.4%,2,50.0%,2,6,26.1%,6,1,16.7%,0,0.75,0.3333333333,0,-18000,-782.6086957,7000,-12000,23,0,100.0%,全期間,,,11200,0.0%,0.0%,100.0%,12000,91.3%,50.0%,1,20.0%,3,16.7%,0,0.0%,-66.66666667,-1035.294118
P0217,リョータ,2,2,23,-18,4,0,0,0,2,0.0%,0.0%,0.0%,16000,20800,-9,4,17.4%,1,3,25.0%,4075,5800,2.75,32.5,2,8.7%,7950,5,21.7%,3.4,4,17.4%,2,50.0%,2,6,26.1%,6,1,16.7%,0,0.75,0.3333333333,0,-18000,-782.6086957,7000,-12000,23,0,100.0%,年度,2026,,11200,0.0%,0.0%,100.0%,12000,91.3%,50.0%,1,20.0%,3,16.7%,0,0.0%,-66.66666667,-1035.294118
P0217,リョータ,1,1,14,-4.2,4,0,0,0,1,0.0%,0.0%,0.0%,20800,20800,-4.2,2,14.3%,0,2,0.0%,4850,5800,3,30,0,0.0%,,5,35.7%,3.4,1,7.1%,1,100.0%,1,6,42.9%,4,1,25.0%,0,0.5,0.5,0,-4200,-300,7000,-6000,14,0,100.0%,シーズン,2026,セミファイナル,20800,0.0%,0.0%,100.0%,,100.0%,50.0%,1,20.0%,1,11.1%,0,0.0%,400,-580
P0228,阿賀寿直,3,3,35,-30.2,2.333333333,1,1,0,1,33.3%,66.7%,66.7%,14933.33333,37700,-10.06666667,10,28.6%,4,6,40.0%,6270,16000,3.6,33,6,17.1%,13066.66667,8,22.9%,2.375,11,31.4%,8,72.7%,2,5,14.3%,8,1,12.5%,0,0.7,0.3,0.4,-30200,-862.8571429,16000,-48000,35,0,100.0%,全期間,,,-19500,33.3%,0.0%,33.3%,48000,82.9%,20.0%,1,12.5%,9,33.3%,3,37.5%,-1925,-548.1481481
P0228,阿賀寿直,3,3,35,-30.2,2.333333333,1,1,0,1,33.3%,66.7%,66.7%,14933.33333,37700,-10.06666667,10,28.6%,4,6,40.0%,6270,16000,3.6,33,6,17.1%,13066.66667,8,22.9%,2.375,11,31.4%,8,72.7%,2,5,14.3%,8,1,12.5%,0,0.7,0.3,0.4,-30200,-862.8571429,16000,-48000,35,0,100.0%,年度,2026,,-19500,33.3%,0.0%,33.3%,48000,82.9%,20.0%,1,12.5%,9,33.3%,3,37.5%,-1925,-548.1481481
P0228,阿賀寿直,1,1,10,12.7,1,1,0,0,0,100.0%,100.0%,100.0%,37700,37700,12.7,4,40.0%,1,3,25.0%,5775,8000,3.25,32.5,2,20.0%,5950,1,10.0%,1,3,30.0%,3,100.0%,1,1,10.0%,3,1,33.3%,0,1,0.25,0.25,12700,1270,8000,-8000,10,0,100.0%,シーズン,2026,セミファイナル,37700,0.0%,0.0%,0.0%,8000,80.0%,25.0%,1,100.0%,3,33.3%,1,33.3%,933.3333333,1414.285714
P0232,羽田暁音,5,5,51,-4.5,2.2,2,1,1,1,40.0%,60.0%,80.0%,24100,34400,-0.9,10,19.6%,3,7,30.0%,4570,12000,2.7,32.5,7,13.7%,4014.285714,10,19.6%,2.7,14,27.5%,6,42.9%,4,11,21.6%,13,2,15.4%,0,0.3,0.2,0,-4500,-88.23529412,12000,-9000,51,0,100.0%,全期間,,,14300,20.0%,20.0%,20.0%,8000,86.3%,40.0%,3,30.0%,7,17.1%,2,15.4%,984.6153846,-455.2631579
P0232,羽田暁音,5,5,51,-4.5,2.2,2,1,1,1,40.0%,60.0%,80.0%,24100,34400,-0.9,10,19.6%,3,7,30.0%,4570,12000,2.7,32.5,7,13.7%,4014.285714,10,19.6%,2.7,14,27.5%,6,42.9%,4,11,21.6%,13,2,15.4%,0,0.3,0.2,0,-4500,-88.23529412,12000,-9000,51,0,100.0%,年度,2026,,14300,20.0%,20.0%,20.0%,8000,86.3%,40.0%,3,30.0%,7,17.1%,2,15.4%,984.6153846,-455.2631579
P0232,羽田暁音,3,3,30,8.8,2,2,0,0,1,66.7%,66.7%,66.7%,27933.33333,34400,2.933333333,8,26.7%,2,6,25.0%,4262.5,12000,2.375,35,4,13.3%,4525,6,20.0%,3,8,26.7%,4,50.0%,4,4,13.3%,9,2,22.2%,0,0.25,0.25,0,8800,293.3333333,12000,-8000,30,0,100.0%,シーズン,2026,セミファイナル,17400,0.0%,0.0%,33.3%,8000,86.7%,50.0%,3,50.0%,5,20.8%,1,11.1%,1677.777778,-300
P0236,乙子,1,1,14,1.3,2,0,1,0,0,0.0%,100.0%,100.0%,26300,26300,1.3,4,28.6%,1,3,25.0%,4750,8000,2.5,45,2,14.3%,2700,7,50.0%,3.285714286,4,28.6%,2,50.0%,2,1,7.1%,3,1,33.3%,0,0.5,0.25,0.25,1300,92.85714286,8000,-6000,14,0,100.0%,全期間,,,26300,100.0%,0.0%,0.0%,3900,85.7%,50.0%,1,14.3%,3,42.9%,0,0.0%,600,-45.45454545
P0236,乙子,1,1,14,1.3,2,0,1,0,0,0.0%,100.0%,100.0%,26300,26300,1.3,4,28.6%,1,3,25.0%,4750,8000,2.5,45,2,14.3%,2700,7,50.0%,3.285714286,4,28.6%,2,50.0%,2,1,7.1%,3,1,33.3%,0,0.5,0.25,0.25,1300,92.85714286,8000,-6000,14,0,100.0%,年度,2026,,26300,100.0%,0.0%,0.0%,3900,85.7%,50.0%,1,14.3%,3,42.9%,0,0.0%,600,-45.45454545
P0236,乙子,1,1,14,1.3,2,0,1,0,0,0.0%,100.0%,100.0%,26300,26300,1.3,4,28.6%,1,3,25.0%,4750,8000,2.5,45,2,14.3%,2700,7,50.0%,3.285714286,4,28.6%,2,50.0%,2,1,7.1%,3,1,33.3%,0,0.5,0.25,0.25,1300,92.85714286,8000,-6000,14,0,100.0%,シーズン,2026,セミファイナル,26300,100.0%,0.0%,0.0%,3900,85.7%,50.0%,1,14.3%,3,42.9%,0,0.0%,600,-45.45454545
P0240,葛餅,1,1,12,30.5,1,1,0,0,0,100.0%,100.0%,100.0%,55500,55500,30.5,4,33.3%,2,2,50.0%,7550,12000,3.25,42.5,0,0.0%,,4,33.3%,2.25,1,8.3%,1,100.0%,3,2,16.7%,4,2,50.0%,0,0.5,0.5,0,30500,2541.666667,13000,-2000,12,0,100.0%,全期間,,,55500,0.0%,0.0%,0.0%,,100.0%,75.0%,3,75.0%,1,12.5%,0,0.0%,6325,650
P0240,葛餅,1,1,12,30.5,1,1,0,0,0,100.0%,100.0%,100.0%,55500,55500,30.5,4,33.3%,2,2,50.0%,7550,12000,3.25,42.5,0,0.0%,,4,33.3%,2.25,1,8.3%,1,100.0%,3,2,16.7%,4,2,50.0%,0,0.5,0.5,0,30500,2541.666667,13000,-2000,12,0,100.0%,年度,2026,,55500,0.0%,0.0%,0.0%,,100.0%,75.0%,3,75.0%,1,12.5%,0,0.0%,6325,650
P0240,葛餅,1,1,12,30.5,1,1,0,0,0,100.0%,100.0%,100.0%,55500,55500,30.5,4,33.3%,2,2,50.0%,7550,12000,3.25,42.5,0,0.0%,,4,33.3%,2.25,1,8.3%,1,100.0%,3,2,16.7%,4,2,50.0%,0,0.5,0.5,0,30500,2541.666667,13000,-2000,12,0,100.0%,シーズン,2026,セミファイナル,55500,0.0%,0.0%,0.0%,,100.0%,75.0%,3,75.0%,1,12.5%,0,0.0%,6325,650
P0241,喜多剛士@μ,3,3,32,52.4,1,3,0,0,0,100.0%,100.0%,100.0%,42466.66667,46700,17.46666667,12,37.5%,3,9,25.0%,4475,8000,2.75,33.75,2,6.3%,6600,10,31.3%,2.3,10,31.3%,8,80.0%,4,8,25.0%,9,2,22.2%,0,0.4166666667,0.3333333333,0.08333333333,52400,1637.5,11900,-8300,32,0,100.0%,全期間,,,34400,0.0%,0.0%,0.0%,8000,93.8%,33.3%,4,40.0%,8,36.4%,0,0.0%,888.8888889,1930.434783
P0241,喜多剛士@μ,3,3,32,52.4,1,3,0,0,0,100.0%,100.0%,100.0%,42466.66667,46700,17.46666667,12,37.5%,3,9,25.0%,4475,8000,2.75,33.75,2,6.3%,6600,10,31.3%,2.3,10,31.3%,8,80.0%,4,8,25.0%,9,2,22.2%,0,0.4166666667,0.3333333333,0.08333333333,52400,1637.5,11900,-8300,32,0,100.0%,年度,2026,,34400,0.0%,0.0%,0.0%,8000,93.8%,33.3%,4,40.0%,8,36.4%,0,0.0%,888.8888889,1930.434783
P0241,喜多剛士@μ,1,1,11,21.7,1,1,0,0,0,100.0%,100.0%,100.0%,46700,46700,21.7,4,36.4%,0,4,0.0%,4450,8000,2.75,35,0,0.0%,,3,27.3%,2.666666667,4,36.4%,3,75.0%,1,1,9.1%,3,1,33.3%,0,0.25,0.5,0.25,21700,1972.727273,8900,-1000,11,0,100.0%,シーズン,2026,セミファイナル,46700,0.0%,0.0%,0.0%,,100.0%,25.0%,1,33.3%,3,37.5%,0,0.0%,1633.333333,2100
P0246,仇森龍,2,2,25,-10.7,2,1,0,1,0,50.0%,50.0%,100.0%,19650,33900,-5.35,4,16.0%,2,2,50.0%,7725,12000,3.75,32.5,6,24.0%,5233.333333,6,24.0%,2,8,32.0%,3,37.5%,1,4,16.0%,7,2,28.6%,0,0.75,0.75,0.5,-10700,-428,12000,-12300,25,0,100.0%,全期間,,,5400,0.0%,50.0%,0.0%,12000,76.0%,25.0%,1,16.7%,3,15.8%,2,28.6%,-600,-361.1111111
P0246,仇森龍,2,2,25,-10.7,2,1,0,1,0,50.0%,50.0%,100.0%,19650,33900,-5.35,4,16.0%,2,2,50.0%,7725,12000,3.75,32.5,6,24.0%,5233.333333,6,24.0%,2,8,32.0%,3,37.5%,1,4,16.0%,7,2,28.6%,0,0.75,0.75,0.5,-10700,-428,12000,-12300,25,0,100.0%,年度,2026,,5400,0.0%,50.0%,0.0%,12000,76.0%,25.0%,1,16.7%,3,15.8%,2,28.6%,-600,-361.1111111
P0246,仇森龍,2,2,25,-10.7,2,1,0,1,0,50.0%,50.0%,100.0%,19650,33900,-5.35,4,16.0%,2,2,50.0%,7725,12000,3.75,32.5,6,24.0%,5233.333333,6,24.0%,2,8,32.0%,3,37.5%,1,4,16.0%,7,2,28.6%,0,0.75,0.75,0.5,-10700,-428,12000,-12300,25,0,100.0%,シーズン,2026,セミファイナル,5400,0.0%,50.0%,0.0%,12000,76.0%,25.0%,1,16.7%,3,15.8%,2,28.6%,-600,-361.1111111
P0249,橋本るり子,2,2,21,-17.9,3,0,0,2,0,0.0%,0.0%,100.0%,16050,20200,-8.95,5,23.8%,3,2,60.0%,5120,12000,3.2,30,6,28.6%,5233.333333,7,33.3%,2.857142857,4,19.0%,1,25.0%,4,1,4.8%,4,0,0.0%,0,0.2,0.8,0,-17900,-852.3809524,12000,-9000,21,0,100.0%,全期間,,,11900,0.0%,100.0%,0.0%,8000,71.4%,80.0%,3,42.9%,2,14.3%,1,25.0%,-2575,-447.0588235
P0249,橋本るり子,1,1,11,-13.1,3,0,0,1,0,0.0%,0.0%,100.0%,11900,11900,-13.1,3,27.3%,2,1,66.7%,5120,12000,3.2,30,5,45.5%,5233.333333,4,36.4%,2.857142857,4,36.4%,1,25.0%,2,1,9.1%,4,0,0.0%,0,0.2,0.8,0,-17900,-1627.272727,12000,-9000,21,0,190.9%,年度,2026,,11900,0.0%,100.0%,0.0%,8000,54.5%,66.7%,3,75.0%,0,0.0%,1,25.0%,-2575,-447.0588235
P0249,橋本るり子,1,1,11,-13.1,3,0,0,1,0,0.0%,0.0%,100.0%,11900,11900,-13.1,3,27.3%,2,1,66.7%,7533.333333,12000,4.333333333,30,5,45.5%,5500,4,36.4%,3,4,36.4%,1,25.0%,2,0,0.0%,2,0,0.0%,0,0.3333333333,1,0,-13100,-1190.909091,12000,-9000,11,0,100.0%,シーズン,2026,セミファイナル,11900,0.0%,100.0%,0.0%,8000,54.5%,66.7%,2,50.0%,1,14.3%,1,50.0%,-4000,-566.6666667
P0255,元教室生タク,5,5,54,25.525,2,1,3,1,0,20.0%,80.0%,100.0%,30105,45300,5.105,14,25.9%,5,9,35.7%,5235.714286,8000,3.142857143,32.85714286,5,9.3%,4720,14,25.9%,2.642857143,11,20.4%,8,72.7%,6,4,7.4%,13,3,23.1%,0,0.8571428571,0.2142857143,0.2142857143,25525,472.6851852,11300,-8000,54,0,100.0%,全期間,,,15600,60.0%,20.0%,0.0%,8000,90.7%,42.9%,3,21.4%,11,27.5%,2,15.4%,184.6153846,564.0243902
P0255,元教室生タク,5,5,54,25.525,2,1,3,1,0,20.0%,80.0%,100.0%,30105,45300,5.105,14,25.9%,5,9,35.7%,5235.714286,8000,3.142857143,32.85714286,5,9.3%,4720,14,25.9%,2.642857143,11,20.4%,8,72.7%,6,4,7.4%,13,3,23.1%,0,0.8571428571,0.2142857143,0.2142857143,25525,472.6851852,11300,-8000,54,0,100.0%,年度,2026,,15600,60.0%,20.0%,0.0%,8000,90.7%,42.9%,3,21.4%,11,27.5%,2,15.4%,184.6153846,564.0243902
P0255,元教室生タク,1,1,14,15.7,2,0,1,0,0,0.0%,100.0%,100.0%,40700,40700,15.7,4,28.6%,2,2,50.0%,5300,8000,3,30,0,0.0%,,5,35.7%,2.4,4,28.6%,3,75.0%,1,1,7.1%,3,1,33.3%,0,1,0,0.25,15700,1121.428571,9000,-3300,14,0,100.0%,シーズン,2026,セミファイナル,40700,100.0%,0.0%,0.0%,,100.0%,25.0%,1,20.0%,3,33.3%,0,0.0%,1300,1072.727273
P0258,公務員麻雀M,1,1,11,-18.4,4,0,0,0,1,0.0%,0.0%,0.0%,6600,6600,-18.4,0,0.0%,0,0,,,,,,3,27.3%,2700,4,36.4%,4,2,18.2%,0,0.0%,0,0,0.0%,2,0,0.0%,0,,,,-18400,-1672.727273,0,-4000,11,0,100.0%,全期間,,,6600,0.0%,0.0%,100.0%,2900,72.7%,,0,0.0%,0,0.0%,1,50.0%,-3300,-1311.111111
P0258,公務員麻雀M,1,1,11,-18.4,4,0,0,0,1,0.0%,0.0%,0.0%,6600,6600,-18.4,0,0.0%,0,0,,,,,,3,27.3%,2700,4,36.4%,4,2,18.2%,0,0.0%,0,0,0.0%,2,0,0.0%,0,,,,-18400,-1672.727273,0,-4000,11,0,100.0%,年度,2026,,6600,0.0%,0.0%,100.0%,2900,72.7%,,0,0.0%,0,0.0%,1,50.0%,-3300,-1311.111111
P0258,公務員麻雀M,1,1,11,-18.4,4,0,0,0,1,0.0%,0.0%,0.0%,6600,6600,-18.4,0,0.0%,0,0,,,,,,3,27.3%,2700,4,36.4%,4,2,18.2%,0,0.0%,0,0,0.0%,2,0,0.0%,0,,,,-18400,-1672.727273,0,-4000,11,0,100.0%,シーズン,2026,セミファイナル,6600,0.0%,0.0%,100.0%,2900,72.7%,,0,0.0%,0,0.0%,1,50.0%,-3300,-1311.111111
P0259,溝渕智也,2,2,27,-7.6,3,0,1,0,1,0.0%,50.0%,50.0%,21200,30800,-3.8,7,25.9%,4,3,57.1%,6400,12000,3.428571429,34.28571429,5,18.5%,7980,10,37.0%,3.1,6,22.2%,3,50.0%,4,5,18.5%,8,3,37.5%,0,0,0.4285714286,0.5714285714,-7600,-281.4814815,13300,-12000,27,0,100.0%,全期間,,,11600,50.0%,0.0%,50.0%,12000,81.5%,57.1%,4,40.0%,3,17.6%,1,12.5%,987.5,-815.7894737
P0259,溝渕智也,2,2,27,-7.6,3,0,1,0,1,0.0%,50.0%,50.0%,21200,30800,-3.8,7,25.9%,4,3,57.1%,6400,12000,3.428571429,34.28571429,5,18.5%,7980,10,37.0%,3.1,6,22.2%,3,50.0%,4,5,18.5%,8,3,37.5%,0,0,0.4285714286,0.5714285714,-7600,-281.4814815,13300,-12000,27,0,100.0%,年度,2026,,11600,50.0%,0.0%,50.0%,12000,81.5%,57.1%,4,40.0%,3,17.6%,1,12.5%,987.5,-815.7894737
P0259,溝渕智也,1,1,17,5.8,2,0,1,0,0,0.0%,100.0%,100.0%,30800,30800,5.8,5,29.4%,3,2,60.0%,5780,12000,3,36,2,11.8%,8000,6,35.3%,2.5,5,29.4%,2,40.0%,3,4,23.5%,6,3,50.0%,0,0,0.6,0.2,5800,341.1764706,12600,-8300,17,0,100.0%,シーズン,2026,セミファイナル,30800,100.0%,0.0%,0.0%,8000,88.2%,60.0%,3,50.0%,2,18.2%,1,16.7%,2150,-645.4545455
P0260,黒太郎@SMY会,3,3,30,11,2,2,0,0,1,66.7%,66.7%,66.7%,28666.66667,48100,3.666666667,8,26.7%,2,6,25.0%,5725,12000,3.125,33.125,3,10.0%,8800,6,20.0%,2,8,26.7%,4,50.0%,4,3,10.0%,8,1,12.5%,0,0.875,0.4285714286,0,11000,366.6666667,12000,-12000,30,0,100.0%,全期間,,,-1100,0.0%,0.0%,33.3%,12000,90.0%,50.0%,4,66.7%,4,16.7%,1,12.5%,437.5,340.9090909
P0260,黒太郎@SMY会,3,3,30,11,2,2,0,0,1,66.7%,66.7%,66.7%,28666.66667,48100,3.666666667,8,26.7%,2,6,25.0%,5725,12000,3.125,33.125,3,10.0%,8800,6,20.0%,2,8,26.7%,4,50.0%,4,3,10.0%,8,1,12.5%,0,0.875,0.4285714286,0,11000,366.6666667,12000,-12000,30,0,100.0%,年度,2026,,-1100,0.0%,0.0%,33.3%,12000,90.0%,50.0%,4,66.7%,4,16.7%,1,12.5%,437.5,340.9090909
P0260,黒太郎@SMY会,2,2,20,-12.1,2.5,1,0,0,1,50.0%,50.0%,50.0%,18950,39000,-6.05,4,20.0%,1,3,25.0%,5950,8000,3.5,33.75,3,15.0%,8800,3,15.0%,1.666666667,6,30.0%,3,50.0%,1,2,10.0%,5,0,0.0%,0,0.75,0.3333333333,0,-12100,-605,9000,-12000,20,0,100.0%,シーズン,2026,セミファイナル,-1100,0.0%,0.0%,50.0%,12000,85.0%,25.0%,1,33.3%,3,17.6%,1,20.0%,-1400,-340
P0268,樹央,3,3,36,26.9,1.666666667,2,0,1,0,66.7%,66.7%,100.0%,33966.66667,40600,8.966666667,8,22.2%,0,8,0.0%,6650,12000,3.25,33.75,1,2.8%,8000,14,38.9%,3.5,7,19.4%,5,71.4%,3,5,13.9%,9,2,22.2%,0,0.375,0.75,0.125,26900,747.2222222,13000,-8000,36,0,100.0%,全期間,,,26700,0.0%,33.3%,0.0%,8000,97.2%,37.5%,3,21.4%,5,22.7%,0,0.0%,1711.111111,425.9259259
P0268,樹央,3,3,36,26.9,1.666666667,2,0,1,0,66.7%,66.7%,100.0%,33966.66667,40600,8.966666667,8,22.2%,0,8,0.0%,6650,12000,3.25,33.75,1,2.8%,8000,14,38.9%,3.5,7,19.4%,5,71.4%,3,5,13.9%,9,2,22.2%,0,0.375,0.75,0.125,26900,747.2222222,13000,-8000,36,0,100.0%,年度,2026,,26700,0.0%,33.3%,0.0%,8000,97.2%,37.5%,3,21.4%,5,22.7%,0,0.0%,1711.111111,425.9259259
P0268,樹央,1,1,12,9.6,1,1,0,0,0,100.0%,100.0%,100.0%,34600,34600,9.6,2,16.7%,0,2,0.0%,7950,12000,3.5,35,0,0.0%,,5,41.7%,4,3,25.0%,2,66.7%,0,0,0.0%,3,1,33.3%,0,0.5,1,0.5,9600,800,13000,-3000,12,0,100.0%,シーズン,2026,セミファイナル,34600,0.0%,0.0%,0.0%,,100.0%,0.0%,0,0.0%,2,28.6%,0,0.0%,4333.333333,-377.7777778
P0275,小林宏康,1,1,10,-13.8,4,0,0,0,1,0.0%,0.0%,0.0%,11200,11200,-13.8,0,0.0%,0,0,,,,,,1,10.0%,8000,2,20.0%,2,2,20.0%,0,0.0%,0,1,10.0%,2,0,0.0%,0,,,,-13800,-1380,1500,-8300,10,0,100.0%,全期間,,,11200,0.0%,0.0%,100.0%,8000,90.0%,,0,0.0%,0,0.0%,0,0.0%,-3000,-975
P0275,小林宏康,1,1,10,-13.8,4,0,0,0,1,0.0%,0.0%,0.0%,11200,11200,-13.8,0,0.0%,0,0,,,,,,1,10.0%,8000,2,20.0%,2,2,20.0%,0,0.0%,0,1,10.0%,2,0,0.0%,0,,,,-13800,-1380,1500,-8300,10,0,100.0%,年度,2026,,11200,0.0%,0.0%,100.0%,8000,90.0%,,0,0.0%,0,0.0%,0,0.0%,-3000,-975
P0275,小林宏康,1,1,10,-13.8,4,0,0,0,1,0.0%,0.0%,0.0%,11200,11200,-13.8,0,0.0%,0,0,,,,,,1,10.0%,8000,2,20.0%,2,2,20.0%,0,0.0%,0,1,10.0%,2,0,0.0%,0,,,,-13800,-1380,1500,-8300,10,0,100.0%,シーズン,2026,セミファイナル,11200,0.0%,0.0%,100.0%,8000,90.0%,,0,0.0%,0,0.0%,0,0.0%,-3000,-975
P0276,松崎真也,3,3,31,62.5,1,3,0,0,0,100.0%,100.0%,100.0%,45833.33333,57200,20.83333333,10,32.3%,4,6,40.0%,7690,18000,3.8,32,3,9.7%,3833.333333,10,32.3%,2.6,7,22.6%,5,71.4%,5,3,9.7%,9,3,33.3%,0,0.6,0.6,0.3,62500,2016.129032,19000,-8000,31,0,100.0%,全期間,,,35200,0.0%,0.0%,0.0%,8000,90.3%,50.0%,5,50.0%,5,23.8%,1,11.1%,3500,1409.090909
P0276,松崎真也,3,3,31,62.5,1,3,0,0,0,100.0%,100.0%,100.0%,45833.33333,57200,20.83333333,10,32.3%,4,6,40.0%,7690,18000,3.8,32,3,9.7%,3833.333333,10,32.3%,2.6,7,22.6%,5,71.4%,5,3,9.7%,9,3,33.3%,0,0.6,0.6,0.3,62500,2016.129032,19000,-8000,31,0,100.0%,年度,2026,,35200,0.0%,0.0%,0.0%,8000,90.3%,50.0%,5,50.0%,5,23.8%,1,11.1%,3500,1409.090909
P0276,松崎真也,2,2,22,52.3,1,2,0,0,0,100.0%,100.0%,100.0%,51150,57200,26.15,7,31.8%,4,3,57.1%,8142.857143,18000,3.857142857,30,2,9.1%,1750,7,31.8%,2.714285714,4,18.2%,3,75.0%,4,3,13.6%,7,3,42.9%,0,0.7142857143,0.5714285714,0.2857142857,52300,2377.272727,19000,-2900,22,0,100.0%,シーズン,2026,セミファイナル,45100,0.0%,0.0%,0.0%,2000,90.9%,57.1%,4,57.1%,3,20.0%,1,14.3%,4785.714286,1253.333333
P0279,上野あいみ,4,4,52,-6.2,2.25,2,0,1,1,50.0%,50.0%,75.0%,23450,35200,-1.55,9,17.3%,5,4,55.6%,5622.222222,12000,3.666666667,28.88888889,4,7.7%,4450,11,21.2%,2.090909091,7,13.5%,4,57.1%,5,9,17.3%,8,0,0.0%,0,0.3333333333,0.5555555556,0.4444444444,-6200,-119.2307692,13500,-8600,52,0,100.0%,全期間,,,4700,0.0%,25.0%,25.0%,8000,92.3%,55.6%,4,36.4%,5,12.2%,2,25.0%,-2600,331.8181818
P0279,上野あいみ,4,4,52,-6.2,2.25,2,0,1,1,50.0%,50.0%,75.0%,23450,35200,-1.55,9,17.3%,5,4,55.6%,5622.222222,12000,3.666666667,28.88888889,4,7.7%,4450,11,21.2%,2.090909091,7,13.5%,4,57.1%,5,9,17.3%,8,0,0.0%,0,0.3333333333,0.5555555556,0.4444444444,-6200,-119.2307692,13500,-8600,52,0,100.0%,年度,2026,,4700,0.0%,25.0%,25.0%,8000,92.3%,55.6%,4,36.4%,5,12.2%,2,25.0%,-2600,331.8181818
P0279,上野あいみ,2,2,24,6.6,2,1,0,1,0,50.0%,50.0%,100.0%,28300,35200,3.3,5,20.8%,3,2,60.0%,6900,12000,4.4,30,2,8.3%,5950,4,16.7%,2,4,16.7%,3,75.0%,2,4,16.7%,4,0,0.0%,0,0.2,0.6,0.6,6600,275,12000,-8600,24,0,100.0%,シーズン,2026,セミファイナル,21400,0.0%,50.0%,0.0%,8000,91.7%,40.0%,1,25.0%,4,20.0%,1,25.0%,-2475,825
P0283,青ヒゲ危機一髪,5,5,56,41.9,1.8,2,2,1,0,40.0%,80.0%,100.0%,33380,53800,8.38,15,26.8%,5,10,33.3%,5180,12000,2.866666667,35.33333333,4,7.1%,3975,15,26.8%,2.4,15,26.8%,6,40.0%,9,13,23.2%,19,4,21.1%,0,0.7333333333,0.6,0.06666666667,41900,748.2142857,12000,-8900,56,0,100.0%,全期間,,,15800,40.0%,20.0%,0.0%,8000,92.9%,60.0%,8,53.3%,7,17.1%,2,10.5%,578.9473684,835.1351351
P0283,青ヒゲ危機一髪,5,5,56,41.9,1.8,2,2,1,0,40.0%,80.0%,100.0%,33380,53800,8.38,15,26.8%,5,10,33.3%,5180,12000,2.866666667,35.33333333,4,7.1%,3975,15,26.8%,2.4,15,26.8%,6,40.0%,9,13,23.2%,19,4,21.1%,0,0.7333333333,0.6,0.06666666667,41900,748.2142857,12000,-8900,56,0,100.0%,年度,2026,,15800,40.0%,20.0%,0.0%,8000,92.9%,60.0%,8,53.3%,7,17.1%,2,10.5%,578.9473684,835.1351351
P0283,青ヒゲ危機一髪,3,3,34,45.4,1.333333333,2,1,0,0,66.7%,100.0%,100.0%,40133.33333,53800,15.13333333,11,32.4%,5,6,45.5%,5363.636364,12000,2.909090909,35.45454545,2,5.9%,2950,9,26.5%,2.777777778,10,29.4%,4,40.0%,7,5,14.7%,11,3,27.3%,0,0.6363636364,0.6363636364,0,45400,1335.294118,12000,-4100,34,0,100.0%,シーズン,2026,セミファイナル,27800,33.3%,0.0%,0.0%,3900,94.1%,63.6%,6,66.7%,5,20.0%,0,0.0%,1900,1065.217391
P0288,赤哲,1,1,12,14.7,2,0,1,0,0,0.0%,100.0%,100.0%,39700,39700,14.7,3,25.0%,0,3,0.0%,5766.666667,8000,3.333333333,33.33333333,0,0.0%,,3,25.0%,3.333333333,3,25.0%,1,33.3%,2,1,8.3%,2,0,0.0%,0,1,0.5,0,14700,1225,8000,-2100,12,0,100.0%,全期間,,,39700,100.0%,0.0%,0.0%,,100.0%,66.7%,2,66.7%,1,11.1%,0,0.0%,-500,1570
P0288,赤哲,1,1,12,14.7,2,0,1,0,0,0.0%,100.0%,100.0%,39700,39700,14.7,3,25.0%,0,3,0.0%,5766.666667,8000,3.333333333,33.33333333,0,0.0%,,3,25.0%,3.333333333,3,25.0%,1,33.3%,2,1,8.3%,2,0,0.0%,0,1,0.5,0,14700,1225,8000,-2100,12,0,100.0%,年度,2026,,39700,100.0%,0.0%,0.0%,,100.0%,66.7%,2,66.7%,1,11.1%,0,0.0%,-500,1570
P0288,赤哲,1,1,12,14.7,2,0,1,0,0,0.0%,100.0%,100.0%,39700,39700,14.7,3,25.0%,0,3,0.0%,5766.666667,8000,3.333333333,33.33333333,0,0.0%,,3,25.0%,3.333333333,3,25.0%,1,33.3%,2,1,8.3%,2,0,0.0%,0,1,0.5,0,14700,1225,8000,-2100,12,0,100.0%,シーズン,2026,セミファイナル,39700,100.0%,0.0%,0.0%,,100.0%,66.7%,2,66.7%,1,11.1%,0,0.0%,-500,1570
P0298,中出雄介,2,2,27,-23.2,3,0,1,0,1,0.0%,50.0%,50.0%,13400,21200,-11.6,4,14.8%,1,3,25.0%,6800,8000,3.75,32.5,7,25.9%,5328.571429,12,44.4%,2.916666667,3,11.1%,2,66.7%,2,1,3.7%,6,0,0.0%,0,0,1,0.75,-23200,-859.2592593,9300,-12000,23,4,85.2%,全期間,,,5600,50.0%,0.0%,50.0%,12000,74.1%,50.0%,1,8.3%,3,20.0%,1,16.7%,-266.6666667,-1028.571429
P0298,中出雄介,2,2,27,-23.2,3,0,1,0,1,0.0%,50.0%,50.0%,13400,21200,-11.6,4,14.8%,1,3,25.0%,6800,8000,3.75,32.5,7,25.9%,5328.571429,12,44.4%,2.916666667,3,11.1%,2,66.7%,2,1,3.7%,6,0,0.0%,0,0,1,0.75,-23200,-859.2592593,9300,-12000,23,4,85.2%,年度,2026,,5600,50.0%,0.0%,50.0%,12000,74.1%,50.0%,1,8.3%,3,20.0%,1,16.7%,-266.6666667,-1028.571429
P0298,中出雄介,1,1,14,-3.8,2,0,1,0,0,0.0%,100.0%,100.0%,21200,21200,-3.8,2,14.3%,1,1,50.0%,5600,8000,2.5,35,2,14.3%,3650,8,57.1%,2.375,1,7.1%,0,0.0%,2,0,0.0%,3,0,0.0%,0,0,1,0,-3800,-271.4285714,8000,-4000,10,4,71.4%,シーズン,2026,セミファイナル,21200,100.0%,0.0%,0.0%,4000,85.7%,100.0%,1,12.5%,1,16.7%,0,0.0%,-166.6666667,-300
P0302,店長倍損の上司,2,2,23,-14.9,3,0,1,0,1,0.0%,50.0%,50.0%,17550,29700,-7.45,4,17.4%,0,4,0.0%,4200,12000,2,32.5,2,8.7%,4200,9,39.1%,3.777777778,3,13.0%,2,66.7%,2,2,8.7%,7,2,28.6%,0,0,0.25,0.25,-14900,-647.826087,12000,-6000,23,0,100.0%,全期間,,,5400,50.0%,0.0%,50.0%,4500,91.3%,50.0%,2,22.2%,2,14.3%,0,0.0%,528.5714286,-1162.5
P0302,店長倍損の上司,2,2,23,-14.9,3,0,1,0,1,0.0%,50.0%,50.0%,17550,29700,-7.45,4,17.4%,0,4,0.0%,4200,12000,2,32.5,2,8.7%,4200,9,39.1%,3.777777778,3,13.0%,2,66.7%,2,2,8.7%,7,2,28.6%,0,0,0.25,0.25,-14900,-647.826087,12000,-6000,23,0,100.0%,年度,2026,,5400,50.0%,0.0%,50.0%,4500,91.3%,50.0%,2,22.2%,2,14.3%,0,0.0%,528.5714286,-1162.5
P0302,店長倍損の上司,1,1,14,-19.6,4,0,0,0,1,0.0%,0.0%,0.0%,5400,5400,-19.6,1,7.1%,0,1,0.0%,1500,1500,1,30,2,14.3%,4200,4,28.6%,4.25,1,7.1%,0,0.0%,1,1,7.1%,4,1,25.0%,0,0,0,0,-19600,-1400,2500,-6000,14,0,100.0%,シーズン,2026,セミファイナル,5400,0.0%,0.0%,100.0%,4500,85.7%,100.0%,1,25.0%,0,0.0%,0,0.0%,450,-2140
P0307,年賀状,1,1,14,-2.6,3,0,0,1,0,0.0%,0.0%,100.0%,22400,22400,-2.6,3,21.4%,3,0,100.0%,6666.666667,12000,4,26.66666667,2,14.3%,5950,5,35.7%,3,4,28.6%,1,25.0%,2,6,42.9%,2,0,0.0%,0,0.6666666667,1,0,-2600,-185.7142857,12000,-8000,14,0,100.0%,全期間,,,22400,0.0%,100.0%,0.0%,8000,85.7%,66.7%,2,40.0%,1,11.1%,1,50.0%,-5300,666.6666667
P0307,年賀状,1,1,14,-2.6,3,0,0,1,0,0.0%,0.0%,100.0%,22400,22400,-2.6,3,21.4%,3,0,100.0%,6666.666667,12000,4,26.66666667,2,14.3%,5950,5,35.7%,3,4,28.6%,1,25.0%,2,6,42.9%,2,0,0.0%,0,0.6666666667,1,0,-2600,-185.7142857,12000,-8000,14,0,100.0%,年度,2026,,22400,0.0%,100.0%,0.0%,8000,85.7%,66.7%,2,40.0%,1,11.1%,1,50.0%,-5300,666.6666667
P0307,年賀状,1,1,14,-2.6,3,0,0,1,0,0.0%,0.0%,100.0%,22400,22400,-2.6,3,21.4%,3,0,100.0%,6666.666667,12000,4,26.66666667,2,14.3%,5950,5,35.7%,3,4,28.6%,1,25.0%,2,6,42.9%,2,0,0.0%,0,0.6666666667,1,0,-2600,-185.7142857,12000,-8000,14,0,100.0%,シーズン,2026,セミファイナル,22400,0.0%,100.0%,0.0%,8000,85.7%,66.7%,2,40.0%,1,11.1%,1,50.0%,-5300,666.6666667
P0312,魔王,3,3,35,1.7,2.666666667,0,1,2,0,0.0%,33.3%,100.0%,25566.66667,40600,0.5666666667,9,25.7%,4,5,44.4%,6088.888889,12000,3.333333333,31.66666667,4,11.4%,6025,6,17.1%,3.166666667,9,25.7%,5,55.6%,4,4,11.4%,10,3,30.0%,0,0.5555555556,0.4444444444,0.1111111111,1700,48.57142857,12000,-8000,35,0,100.0%,全期間,,,17800,33.3%,66.7%,0.0%,8000,88.6%,44.4%,2,33.3%,7,24.1%,3,30.0%,-1000,468
P0312,魔王,3,3,35,1.7,2.666666667,0,1,2,0,0.0%,33.3%,100.0%,25566.66667,40600,0.5666666667,9,25.7%,4,5,44.4%,6088.888889,12000,3.333333333,31.66666667,4,11.4%,6025,6,17.1%,3.166666667,9,25.7%,5,55.6%,4,4,11.4%,10,3,30.0%,0,0.5555555556,0.4444444444,0.1111111111,1700,48.57142857,12000,-8000,35,0,100.0%,年度,2026,,17800,33.3%,66.7%,0.0%,8000,88.6%,44.4%,2,33.3%,7,24.1%,3,30.0%,-1000,468
P0312,魔王,1,1,10,-6.7,3,0,0,1,0,0.0%,0.0%,100.0%,18300,18300,-6.7,2,20.0%,1,1,50.0%,4100,5200,2.5,35,1,10.0%,6400,2,20.0%,4,3,30.0%,1,33.3%,1,2,20.0%,3,1,33.3%,0,0,1,0,-6700,-670,5200,-7400,10,0,100.0%,シーズン,2026,セミファイナル,18300,0.0%,100.0%,0.0%,6400,90.0%,50.0%,1,50.0%,1,12.5%,1,33.3%,-2166.666667,-28.57142857
P0316,黙示録@SMY会,4,4,43,64.9,1.5,3,0,1,0,75.0%,75.0%,100.0%,41225,61300,16.225,12,27.9%,6,6,50.0%,6541.666667,12000,3.583333333,34.16666667,1,2.3%,1300,13,30.2%,2.615384615,10,23.3%,6,60.0%,6,8,18.6%,13,4,30.8%,0,0.6666666667,0.6666666667,0.25,64900,1509.302326,15300,-6300,43,0,100.0%,全期間,,,23900,0.0%,25.0%,0.0%,1300,97.7%,50.0%,4,30.8%,8,26.7%,1,7.7%,1738.461538,1410
P0316,黙示録@SMY会,4,4,43,64.9,1.5,3,0,1,0,75.0%,75.0%,100.0%,41225,61300,16.225,12,27.9%,6,6,50.0%,6541.666667,12000,3.583333333,34.16666667,1,2.3%,1300,13,30.2%,2.615384615,10,23.3%,6,60.0%,6,8,18.6%,13,4,30.8%,0,0.6666666667,0.6666666667,0.25,64900,1509.302326,15300,-6300,43,0,100.0%,年度,2026,,23900,0.0%,25.0%,0.0%,1300,97.7%,50.0%,4,30.8%,8,26.7%,1,7.7%,1738.461538,1410
P0316,黙示録@SMY会,2,2,23,50.1,1,2,0,0,0,100.0%,100.0%,100.0%,50050,61300,25.05,8,34.8%,2,6,25.0%,7062.5,12000,3.625,37.5,0,0.0%,,9,39.1%,2.777777778,6,26.1%,4,66.7%,4,5,21.7%,8,3,37.5%,0,0.625,1,0.25,50100,2178.26087,15300,-6300,23,0,100.0%,シーズン,2026,セミファイナル,38800,0.0%,0.0%,0.0%,,100.0%,50.0%,3,33.3%,5,35.7%,0,0.0%,2687.5,1906.666667
P0326,鰤トニー,4,4,49,-0.9,2.5,0,3,0,1,0.0%,75.0%,75.0%,24775,44600,-0.225,10,20.4%,2,8,20.0%,4520,12000,2.8,32,2,4.1%,3900,20,40.8%,2.95,9,18.4%,7,77.8%,3,6,12.2%,13,4,30.8%,0,0.5,0.2,0.2,-900,-18.36734694,12000,-6000,49,0,100.0%,全期間,,,11900,75.0%,0.0%,25.0%,3900,95.9%,30.0%,3,15.0%,7,24.1%,1,7.7%,1176.923077,-450
P0326,鰤トニー,4,4,49,-0.9,2.5,0,3,0,1,0.0%,75.0%,75.0%,24775,44600,-0.225,10,20.4%,2,8,20.0%,4520,12000,2.8,32,2,4.1%,3900,20,40.8%,2.95,9,18.4%,7,77.8%,3,6,12.2%,13,4,30.8%,0,0.5,0.2,0.2,-900,-18.36734694,12000,-6000,49,0,100.0%,年度,2026,,11900,75.0%,0.0%,25.0%,3900,95.9%,30.0%,3,15.0%,7,24.1%,1,7.7%,1176.923077,-450
P0326,鰤トニー,2,2,28,6.5,3,0,1,0,1,0.0%,50.0%,50.0%,28250,44600,3.25,6,21.4%,1,5,16.7%,3900,8000,2.833333333,31.66666667,0,0.0%,,12,42.9%,2.916666667,5,17.9%,4,80.0%,2,5,17.9%,7,2,28.6%,0,0.5,0.3333333333,0,6500,232.1428571,8000,-6000,28,0,100.0%,シーズン,2026,セミファイナル,11900,50.0%,0.0%,50.0%,,100.0%,33.3%,2,16.7%,4,25.0%,0,0.0%,1371.428571,-147.6190476
P0396,魔王,1,1,10,-6.7,3,0,0,1,0,0.0%,0.0%,100.0%,18300,18300,-6.7,2,20.0%,1,1,50.0%,4100,5200,2.5,35,1,10.0%,6400,2,20.0%,4,3,30.0%,1,33.3%,1,2,20.0%,3,1,33.3%,0,0,1,0,-6700,-670,5200,-7400,10,0,100.0%,全期間,,,18300,0.0%,100.0%,0.0%,6400,90.0%,50.0%,1,50.0%,1,12.5%,1,33.3%,-2166.666667,-28.57142857
P0397,ダイゴ＠LA,5,5,62,-79.8,3.2,1,0,1,3,20.0%,20.0%,40.0%,9040,29300,-15.96,7,11.3%,1,6,14.3%,7071.428571,18000,3.285714286,35.71428571,9,14.5%,5633.333333,19,30.6%,2.947368421,14,22.6%,3,21.4%,4,11,17.7%,15,3,20.0%,0,1,0.8333333333,0.1666666667,-79800,-1287.096774,18000,-18300,62,0,100.0%,全期間,,,-12800,0.0%,20.0%,60.0%,12000,85.5%,57.1%,5,26.3%,2,4.7%,2,13.3%,660,-1908.510638
P0397,ダイゴ＠LA,5,5,62,-79.8,3.2,1,0,1,3,20.0%,20.0%,40.0%,9040,29300,-15.96,7,11.3%,1,6,14.3%,7071.428571,18000,3.285714286,35.71428571,9,14.5%,5633.333333,19,30.6%,2.947368421,14,22.6%,3,21.4%,4,11,17.7%,15,3,20.0%,0,1,0.8333333333,0.1666666667,-79800,-1287.096774,18000,-18300,62,0,100.0%,年度,2026,,-12800,0.0%,20.0%,60.0%,12000,85.5%,57.1%,5,26.3%,2,4.7%,2,13.3%,660,-1908.510638
P0397,ダイゴ＠LA,3,3,32,-73.1,4,0,0,0,3,0.0%,0.0%,0.0%,633.3333333,13600,-24.36666667,1,3.1%,0,1,0.0%,2000,2000,2,30,7,21.9%,4700,6,18.8%,3.5,8,25.0%,0,0.0%,1,8,25.0%,8,0,0.0%,0,0,1,0,-73100,-2284.375,2000,-18300,32,0,100.0%,シーズン,2026,セミファイナル,-12800,0.0%,0.0%,100.0%,8000,78.1%,100.0%,1,16.7%,0,0.0%,2,25.0%,-2412.5,-2241.666667
P0303,田口淳之介,3,3,44,-17.5,2.333333333,0,2,1,0,0.0%,66.7%,100.0%,19166.66667,25300,-5.833333333,10,22.7%,4,6,40.0%,6980,12000,3.9,31,4,9.1%,6400,14,31.8%,3.071428571,5,11.4%,3,60.0%,7,5,11.4%,8,2,25.0%,0,1,0.7777777778,0,-17500,-397.7272727,13000,-16100,44,0,100.0%,全期間,,,7200,66.7%,33.3%,0.0%,12000,90.9%,70.0%,6,42.9%,4,13.3%,1,12.5%,-537.5,-366.6666667
P0303,田口淳之介,3,3,44,-17.5,2.333333333,0,2,1,0,0.0%,66.7%,100.0%,19166.66667,25300,-5.833333333,10,22.7%,4,6,40.0%,6980,12000,3.9,31,4,9.1%,6400,14,31.8%,3.071428571,5,11.4%,3,60.0%,7,5,11.4%,8,2,25.0%,0,1,0.7777777778,0,-17500,-397.7272727,13000,-16100,44,0,100.0%,年度,2026,,7200,66.7%,33.3%,0.0%,12000,90.9%,70.0%,6,42.9%,4,13.3%,1,12.5%,-537.5,-366.6666667
P0303,田口淳之介,2,2,29,-17.5,2,0,2,0,0,0.0%,100.0%,100.0%,16250,25300,-8.75,6,20.7%,2,4,33.3%,8166.666667,12000,4.5,31.66666667,4,13.8%,6400,8,27.6%,3.25,5,17.2%,3,60.0%,3,5,17.2%,4,0,0.0%,0,1,1,0,-17500,-603.4482759,13000,-16100,29,0,100.0%,シーズン,2026,セミファイナル,7200,100.0%,0.0%,0.0%,12000,86.2%,50.0%,2,25.0%,4,19.0%,1,25.0%,-3000,-220
P0002,悠紀子,1,1,13,9.3,2,0,1,0,0,0.0%,100.0%,100.0%,34300,34300,9.3,3,23.1%,1,2,33.3%,5566.666667,12000,3.333333333,30,1,7.7%,3900,5,38.5%,3.222222222,3,23.1%,2,66.7%,1,3,23.1%,3,1,33.3%,0,1.333333333,0.5,0,9300,715.3846154,13000,-3900,13,0,100.0%,年度,2026,,34300,100.0%,0.0%,0.0%,3900,92.3%,33.3%,1,20.0%,2,25.0%,0,0.0%,3833.333333,-220
P0002,。☆悠紀子☆。,1,1,12,-0.8,2,0,1,0,0,0.0%,100.0%,100.0%,24200,24200,-0.8,4,33.3%,2,2,50.0%,2550,5200,2,27.5,2,16.7%,2050,4,33.3%,3.75,2,16.7%,1,50.0%,3,0,0.0%,3,1,33.3%,0,0.5,0,0,-800,-66.66666667,5200,-4000,12,0,100.0%,シーズン,2026,セミファイナル,24200,100.0%,0.0%,0.0%,2600,83.3%,75.0%,2,50.0%,2,25.0%,0,0.0%,-1266.666667,333.3333333
P0023,dia,1,1,9,13.2,2,0,1,0,0,0.0%,100.0%,100.0%,38200,38200,13.2,3,33.3%,2,1,66.7%,5266.666667,8000,3.666666667,26.66666667,0,0.0%,,4,44.4%,2,2,22.2%,2,100.0%,1,4,44.4%,2,0,0.0%,0,0,0.6666666667,0,13200,1466.666667,8000,-1500,9,0,100.0%,全期間,,,38200,100.0%,0.0%,0.0%,,100.0%,33.3%,1,25.0%,2,40.0%,0,0.0%,-1250,2242.857143
P0015,aimoni,5,5,71,8.2,3,1,0,2,2,20.0%,20.0%,60.0%,26640,75700,1.64,11,15.5%,5,6,45.5%,11990.90909,48000,4.909090909,36.36363636,5,7.0%,6320,17,23.9%,3.235294118,17,23.9%,9,52.9%,2,8,11.3%,16,4,25.0%,1,0.7272727273,1,0.3,8200,115.4929577,48000,-16100,71,0,100.0%,全期間,,,1400,0.0%,40.0%,40.0%,12000,93.0%,18.2%,1,5.9%,10,18.5%,1,6.3%,3281.25,-805.4545455
P0146,とむとむ,1,1,17,-29.7,4,0,0,0,1,0.0%,0.0%,0.0%,-4700,-4700,-29.7,4,23.5%,2,2,50.0%,4700,8000,3,30,1,5.9%,12000,7,41.2%,2.285714286,4,23.5%,3,75.0%,1,3,17.6%,5,2,40.0%,0,0.75,0.5,0,-29700,-1747.058824,8300,-16100,17,0,100.0%,全期間,,,-4700,0.0%,0.0%,100.0%,12000,94.1%,25.0%,1,14.3%,3,30.0%,1,20.0%,-820,-2133.333333
P0078,えんがわ,3,3,33,3.2,2.666666667,1,0,1,1,33.3%,33.3%,66.7%,26066.66667,40300,1.066666667,6,18.2%,3,3,50.0%,5700,12000,3,30.83333333,4,12.1%,2500,8,24.2%,3.375,7,21.2%,3,42.9%,3,8,24.2%,10,3,30.0%,0,0.5,0.5,0,3200,96.96969697,12000,-4200,33,0,100.0%,全期間,,,14500,0.0%,33.3%,33.3%,3900,87.9%,50.0%,2,25.0%,4,16.0%,1,10.0%,770,-195.6521739
P0023,dia,1,1,9,13.2,2,0,1,0,0,0.0%,100.0%,100.0%,38200,38200,13.2,3,33.3%,2,1,66.7%,5266.666667,8000,3.666666667,26.66666667,0,0.0%,,4,44.4%,2,2,22.2%,2,100.0%,1,4,44.4%,2,0,0.0%,0,0,0.6666666667,0,13200,1466.666667,8000,-1500,9,0,100.0%,年度,2026,,38200,100.0%,0.0%,0.0%,,100.0%,33.3%,1,25.0%,2,40.0%,0,0.0%,-1250,2242.857143
P0023,dia,1,1,9,13.2,2,0,1,0,0,0.0%,100.0%,100.0%,38200,38200,13.2,3,33.3%,2,1,66.7%,5266.666667,8000,3.666666667,26.66666667,0,0.0%,,4,44.4%,2,2,22.2%,2,100.0%,1,4,44.4%,2,0,0.0%,0,0,0.6666666667,0,13200,1466.666667,8000,-1500,9,0,100.0%,シーズン,2026,セミファイナル,38200,100.0%,0.0%,0.0%,,100.0%,33.3%,1,25.0%,2,40.0%,0,0.0%,-1250,2242.857143
P0015,aimoni,5,5,71,8.2,3,1,0,2,2,20.0%,20.0%,60.0%,26640,75700,1.64,11,15.5%,5,6,45.5%,11990.90909,48000,4.909090909,36.36363636,5,7.0%,6320,17,23.9%,3.235294118,17,23.9%,9,52.9%,2,8,11.3%,16,4,25.0%,1,0.7272727273,1,0.3,8200,115.4929577,48000,-16100,71,0,100.0%,年度,2026,,1400,0.0%,40.0%,40.0%,12000,93.0%,18.2%,1,5.9%,10,18.5%,1,6.3%,3281.25,-805.4545455
P0015,aimoni,2,2,32,-28.2,3,0,0,2,0,0.0%,0.0%,100.0%,10900,20400,-14.1,3,9.4%,2,1,66.7%,10666.66667,12000,4.333333333,33.33333333,2,6.3%,5300,9,28.1%,3.666666667,6,18.8%,3,50.0%,0,4,12.5%,7,2,28.6%,0,1,0.6666666667,0.3333333333,-28200,-881.25,13000,-16100,32,0,100.0%,シーズン,2026,セミファイナル,1400,0.0%,100.0%,0.0%,8000,93.8%,0.0%,0,0.0%,3,13.0%,1,14.3%,1000,-1408
P0146,とむとむ,1,1,17,-29.7,4,0,0,0,1,0.0%,0.0%,0.0%,-4700,-4700,-29.7,4,23.5%,2,2,50.0%,4700,8000,3,30,1,5.9%,12000,7,41.2%,2.285714286,4,23.5%,3,75.0%,1,3,17.6%,5,2,40.0%,0,0.75,0.5,0,-29700,-1747.058824,8300,-16100,17,0,100.0%,年度,2026,,-4700,0.0%,0.0%,100.0%,12000,94.1%,25.0%,1,14.3%,3,30.0%,1,20.0%,-820,-2133.333333
P0146,とむとむ,1,1,17,-29.7,4,0,0,0,1,0.0%,0.0%,0.0%,-4700,-4700,-29.7,4,23.5%,2,2,50.0%,4700,8000,3,30,1,5.9%,12000,7,41.2%,2.285714286,4,23.5%,3,75.0%,1,3,17.6%,5,2,40.0%,0,0.75,0.5,0,-29700,-1747.058824,8300,-16100,17,0,100.0%,シーズン,2026,セミファイナル,-4700,0.0%,0.0%,100.0%,12000,94.1%,25.0%,1,14.3%,3,30.0%,1,20.0%,-820,-2133.333333
P0078,えんがわ,3,3,33,3.2,2.666666667,1,0,1,1,33.3%,33.3%,66.7%,26066.66667,40300,1.066666667,6,18.2%,3,3,50.0%,5700,12000,3,30.83333333,4,12.1%,2500,8,24.2%,3.375,7,21.2%,3,42.9%,3,8,24.2%,10,3,30.0%,0,0.5,0.5,0,3200,96.96969697,12000,-4200,33,0,100.0%,年度,2026,,14500,0.0%,33.3%,33.3%,3900,87.9%,50.0%,2,25.0%,4,16.0%,1,10.0%,770,-195.6521739
P0078,えんがわ,1,1,10,-10.5,4,0,0,0,1,0.0%,0.0%,0.0%,14500,14500,-10.5,1,10.0%,0,1,0.0%,2600,2600,2,40,2,20.0%,2700,1,10.0%,6,3,30.0%,1,33.3%,0,3,30.0%,2,0,0.0%,0,0,0,0,-10500,-1050,3900,-4000,10,0,100.0%,シーズン,2026,セミファイナル,14500,0.0%,0.0%,100.0%,3900,80.0%,0.0%,0,0.0%,1,11.1%,0,0.0%,-3300,-487.5
P0139,つよ,2,2,20,30,2,1,0,1,0,50.0%,50.0%,100.0%,40000,59800,15,7,35.0%,3,4,42.9%,6785.714286,12000,3.714285714,32.85714286,4,20.0%,4025,9,45.0%,3.666666667,2,10.0%,2,100.0%,5,1,5.0%,5,1,20.0%,0,0.8571428571,0.5714285714,0.1428571429,30000,1500,12000,-8000,20,0,100.0%,全期間,,,20200,0.0%,50.0%,0.0%,8000,80.0%,71.4%,3,33.3%,4,36.4%,2,40.0%,1360,1546.666667
P0139,つよ,2,2,20,30,2,1,0,1,0,50.0%,50.0%,100.0%,40000,59800,15,7,35.0%,3,4,42.9%,6785.714286,12000,3.714285714,32.85714286,4,20.0%,4025,9,45.0%,3.666666667,2,10.0%,2,100.0%,5,1,5.0%,5,1,20.0%,0,0.8571428571,0.5714285714,0.1428571429,30000,1500,12000,-8000,20,0,100.0%,年度,2026,,20200,0.0%,50.0%,0.0%,8000,80.0%,71.4%,3,33.3%,4,36.4%,2,40.0%,1360,1546.666667
P0139,つよ,1,1,9,-4.8,3,0,0,1,0,0.0%,0.0%,100.0%,20200,20200,-4.8,2,22.2%,0,2,0.0%,1800,2600,1.5,35,2,22.2%,4650,6,66.7%,3.166666667,0,0.0%,0,,2,1,11.1%,2,0,0.0%,0,0,0.5,0,-4800,-533.3333333,3300,-8000,9,0,100.0%,シーズン,2026,セミファイナル,20200,0.0%,100.0%,0.0%,8000,77.8%,100.0%,1,16.7%,1,33.3%,1,50.0%,-650,-500
P0120,じんぱぱ,1,1,9,-5,4,0,0,0,1,0.0%,0.0%,0.0%,20000,20000,-5,1,11.1%,0,1,0.0%,3900,3900,3,30,2,22.2%,3100,4,44.4%,2.75,2,22.2%,1,50.0%,0,1,11.1%,2,0,0.0%,0,1,0,0,-5000,-555.5555556,3900,-5200,9,0,100.0%,全期間,,,20000,0.0%,0.0%,100.0%,5200,77.8%,0.0%,0,0.0%,1,20.0%,1,50.0%,-2600,28.57142857
P0120,じんぱぱ,1,1,9,-5,4,0,0,0,1,0.0%,0.0%,0.0%,20000,20000,-5,1,11.1%,0,1,0.0%,3900,3900,3,30,2,22.2%,3100,4,44.4%,2.75,2,22.2%,1,50.0%,0,1,11.1%,2,0,0.0%,0,1,0,0,-5000,-555.5555556,3900,-5200,9,0,100.0%,年度,2026,,20000,0.0%,0.0%,100.0%,5200,77.8%,0.0%,0,0.0%,1,20.0%,1,50.0%,-2600,28.57142857
P0120,じんぱぱ,1,1,9,-5,4,0,0,0,1,0.0%,0.0%,0.0%,20000,20000,-5,1,11.1%,0,1,0.0%,3900,3900,3,30,2,22.2%,3100,4,44.4%,2.75,2,22.2%,1,50.0%,0,1,11.1%,2,0,0.0%,0,1,0,0,-5000,-555.5555556,3900,-5200,9,0,100.0%,シーズン,2026,セミファイナル,20000,0.0%,0.0%,100.0%,5200,77.8%,0.0%,0,0.0%,1,20.0%,1,50.0%,-2600,28.57142857
P0163,ひろとだポン,2,2,30,5.6,2,0,2,0,0,0.0%,100.0%,100.0%,27800,29800,2.8,6,20.0%,4,2,66.7%,6700,12000,3,33.33333333,4,13.3%,4500,10,33.3%,3.6,5,16.7%,2,40.0%,4,4,13.3%,7,2,28.6%,0,0.8333333333,0.8333333333,0,5600,186.6666667,13000,-8000,30,0,100.0%,全期間,,,25800,100.0%,0.0%,0.0%,8000,86.7%,66.7%,2,20.0%,4,20.0%,2,28.6%,2085.714286,-391.3043478
P0163,ひろとだポン,2,2,30,5.6,2,0,2,0,0,0.0%,100.0%,100.0%,27800,29800,2.8,6,20.0%,4,2,66.7%,6700,12000,3,33.33333333,4,13.3%,4500,10,33.3%,3.6,5,16.7%,2,40.0%,4,4,13.3%,7,2,28.6%,0,0.8333333333,0.8333333333,0,5600,186.6666667,13000,-8000,30,0,100.0%,年度,2026,,25800,100.0%,0.0%,0.0%,8000,86.7%,66.7%,2,20.0%,4,20.0%,2,28.6%,2085.714286,-391.3043478
P0163,ひろとだポン,1,1,15,0.8,2,0,1,0,0,0.0%,100.0%,100.0%,25800,25800,0.8,4,26.7%,2,2,50.0%,5050,12000,2.5,32.5,2,13.3%,4500,6,40.0%,3.833333333,3,20.0%,2,66.7%,2,1,6.7%,3,1,33.3%,0,0.5,0.75,0,800,53.33333333,13000,-8000,15,0,100.0%,シーズン,2026,セミファイナル,25800,100.0%,0.0%,0.0%,8000,86.7%,50.0%,1,16.7%,3,33.3%,1,33.3%,1666.666667,-350
P0284,石川安牌,2,2,26,9.3,2.5,1,0,0,1,50.0%,50.0%,50.0%,29650,48800,4.65,6,23.1%,3,3,50.0%,6616.666667,12000,3.5,33.33333333,4,15.4%,5725,11,42.3%,2.818181818,4,15.4%,3,75.0%,3,2,7.7%,6,2,33.3%,0,0.5,0.6,0.8,9300,357.6923077,13000,-18600,26,0,100.0%,全期間,,,10500,0.0%,0.0%,50.0%,18000,84.6%,50.0%,3,27.3%,3,20.0%,2,33.3%,3666.666667,-635
P0284,石川安牌,2,2,26,9.3,2.5,1,0,0,1,50.0%,50.0%,50.0%,29650,48800,4.65,6,23.1%,3,3,50.0%,6616.666667,12000,3.5,33.33333333,4,15.4%,5725,11,42.3%,2.818181818,4,15.4%,3,75.0%,3,2,7.7%,6,2,33.3%,0,0.5,0.6,0.8,9300,357.6923077,13000,-18600,26,0,100.0%,年度,2026,,10500,0.0%,0.0%,50.0%,18000,84.6%,50.0%,3,27.3%,3,20.0%,2,33.3%,3666.666667,-635
P0284,石川安牌,1,1,15,-14.5,4,0,0,0,1,0.0%,0.0%,0.0%,10500,10500,-14.5,3,20.0%,1,2,33.3%,6600,12000,3.333333333,36.66666667,3,20.0%,7300,7,46.7%,2.857142857,2,13.3%,2,100.0%,1,1,6.7%,3,1,33.3%,0,0.6666666667,0,1.5,-14500,-966.6666667,12000,-18600,15,0,100.0%,シーズン,2026,セミファイナル,10500,0.0%,0.0%,100.0%,18000,80.0%,33.3%,1,14.3%,2,25.0%,1,33.3%,3666.666667,-2125
P0114,しげぞー,1,1,11,2.5,2,0,1,0,0,0.0%,100.0%,100.0%,27500,27500,2.5,3,27.3%,2,1,66.7%,3500,8000,2.333333333,30,1,9.1%,1000,6,54.5%,2.333333333,1,9.1%,1,100.0%,2,1,9.1%,3,1,33.3%,0,0.6666666667,0,0.3333333333,2500,227.2727273,8000,-4000,11,0,100.0%,全期間,,,27500,100.0%,0.0%,0.0%,1000,90.9%,66.7%,2,33.3%,1,20.0%,0,0.0%,500,125
P0114,しげぞー,1,1,11,2.5,2,0,1,0,0,0.0%,100.0%,100.0%,27500,27500,2.5,3,27.3%,2,1,66.7%,3500,8000,2.333333333,30,1,9.1%,1000,6,54.5%,2.333333333,1,9.1%,1,100.0%,2,1,9.1%,3,1,33.3%,0,0.6666666667,0,0.3333333333,2500,227.2727273,8000,-4000,11,0,100.0%,年度,2026,,27500,100.0%,0.0%,0.0%,1000,90.9%,66.7%,2,33.3%,1,20.0%,0,0.0%,500,125
P0114,しげぞー,1,1,11,2.5,2,0,1,0,0,0.0%,100.0%,100.0%,27500,27500,2.5,3,27.3%,2,1,66.7%,3500,8000,2.333333333,30,1,9.1%,1000,6,54.5%,2.333333333,1,9.1%,1,100.0%,2,1,9.1%,3,1,33.3%,0,0.6666666667,0,0.3333333333,2500,227.2727273,8000,-4000,11,0,100.0%,シーズン,2026,セミファイナル,27500,100.0%,0.0%,0.0%,1000,90.9%,66.7%,2,33.3%,1,20.0%,0,0.0%,500,125
P0184,まーくん RMU,2,2,24,-3.7,2.5,1,0,0,1,50.0%,50.0%,50.0%,23150,35200,-1.85,4,16.7%,1,3,25.0%,4325,8000,2.75,35,1,4.2%,2000,6,25.0%,3.5,7,29.2%,2,28.6%,2,9,37.5%,6,0,0.0%,0,0.75,0.3333333333,0,-3700,-154.1666667,8300,-6000,24,0,100.0%,全期間,,,11100,0.0%,0.0%,50.0%,2000,95.8%,50.0%,1,16.7%,3,16.7%,0,0.0%,83.33333333,-233.3333333
P0184,まーくん RMU,2,2,24,-3.7,2.5,1,0,0,1,50.0%,50.0%,50.0%,23150,35200,-1.85,4,16.7%,1,3,25.0%,4325,8000,2.75,35,1,4.2%,2000,6,25.0%,3.5,7,29.2%,2,28.6%,2,9,37.5%,6,0,0.0%,0,0.75,0.3333333333,0,-3700,-154.1666667,8300,-6000,24,0,100.0%,年度,2026,,11100,0.0%,0.0%,50.0%,2000,95.8%,50.0%,1,16.7%,3,16.7%,0,0.0%,83.33333333,-233.3333333
P0184,まーくん RMU,1,1,10,10.2,1,1,0,0,0,100.0%,100.0%,100.0%,35200,35200,10.2,3,30.0%,1,2,33.3%,4466.666667,8000,2.666666667,36.66666667,0,0.0%,,2,20.0%,2,2,20.0%,1,50.0%,2,4,40.0%,2,0,0.0%,0,0.6666666667,0.5,0,10200,1020,8300,-1500,10,0,100.0%,シーズン,2026,セミファイナル,35200,0.0%,0.0%,0.0%,,100.0%,66.7%,1,50.0%,2,25.0%,0,0.0%,0,1275
P0075,エイデン二号機,2,2,22,25.8,1.5,1,1,0,0,50.0%,100.0%,100.0%,37900,43200,12.9,7,31.8%,2,5,28.6%,5514.285714,12000,2.857142857,34.28571429,1,4.5%,3900,11,50.0%,3,4,18.2%,3,75.0%,4,2,9.1%,6,2,33.3%,0,0.2857142857,0.2857142857,0.2857142857,25800,1172.727273,12000,-6000,22,0,100.0%,シーズン,2026,ファイナル,32600,50.0%,0.0%,0.0%,3900,95.5%,57.1%,4,36.4%,3,27.3%,0,0.0%,2916.666667,518.75
P0316,黙示録@SMY会,2,2,20,14.8,2,1,0,1,0,50.0%,50.0%,100.0%,32400,40900,7.4,4,20.0%,4,0,100.0%,5500,8000,3.5,27.5,1,5.0%,1300,4,20.0%,2.25,4,20.0%,2,50.0%,2,3,15.0%,5,1,20.0%,0,0.75,0,0.25,14800,740,9000,-2300,20,0,100.0%,シーズン,2026,ファイナル,23900,0.0%,50.0%,0.0%,1300,95.0%,50.0%,1,25.0%,3,18.8%,1,20.0%,220,913.3333333
P0255,元教室生タク,4,4,40,9.825,2,1,2,1,0,25.0%,75.0%,100.0%,27456.25,45300,2.45625,10,25.0%,3,7,30.0%,5210,8000,3.2,34,5,12.5%,4720,9,22.5%,2.777777778,7,17.5%,5,71.4%,5,3,7.5%,10,2,20.0%,0,0.8,0.3,0.2,9825,245.625,11300,-8000,40,0,100.0%,シーズン,2026,ファイナル,15600,50.0%,25.0%,0.0%,8000,87.5%,50.0%,2,22.2%,8,25.8%,2,20.0%,-150,377.5
P0065,ysk,2,2,20,-22.8,4,0,0,0,2,0.0%,0.0%,0.0%,13600,18200,-11.4,5,25.0%,3,2,60.0%,2820,5200,2,34,4,20.0%,5100,8,40.0%,3.125,2,10.0%,0,0.0%,5,1,5.0%,5,1,20.0%,0,0.4,0.4,0,-22800,-1140,5200,-8300,20,0,100.0%,シーズン,2026,ファイナル,9000,0.0%,0.0%,100.0%,8000,80.0%,100.0%,4,50.0%,1,8.3%,2,40.0%,-1720,-946.6666667
P0078,えんがわ,2,2,23,13.7,2,1,0,1,0,50.0%,50.0%,100.0%,31850,40300,6.85,5,21.7%,3,2,60.0%,6320,12000,3.2,29,2,8.7%,2300,7,30.4%,3,4,17.4%,2,50.0%,3,5,21.7%,8,3,37.5%,0,0.6,0.6,0,13700,595.6521739,12000,-4200,23,0,100.0%,シーズン,2026,ファイナル,23400,0.0%,50.0%,0.0%,2600,91.3%,60.0%,2,28.6%,3,18.8%,1,12.5%,1787.5,-40
P0053,ｒｒｒｒｒｒ,1,1,10,-9.7,4,0,0,0,1,0.0%,0.0%,0.0%,15300,15300,-9.7,2,20.0%,2,0,100.0%,6600,8000,4,45,1,10.0%,16000,5,50.0%,2.4,1,10.0%,0,0.0%,2,1,10.0%,2,0,0.0%,0,1,0.5,0,-9700,-970,10600,-16000,10,0,100.0%,シーズン,2026,ファイナル,15300,0.0%,0.0%,100.0%,16000,90.0%,100.0%,2,40.0%,0,0.0%,1,50.0%,-10000,1287.5
P0312,魔王,2,2,25,8.4,2.5,0,1,1,0,0.0%,50.0%,100.0%,29200,40600,4.2,7,28.0%,3,4,42.9%,6657.142857,12000,3.571428571,30.71428571,3,12.0%,5900,4,16.0%,2.75,6,24.0%,4,66.7%,3,2,8.0%,7,2,28.6%,0,0.7142857143,0.2857142857,0.1428571429,8400,336,12000,-8000,25,0,100.0%,シーズン,2026,ファイナル,17800,50.0%,50.0%,0.0%,8000,88.0%,42.9%,1,25.0%,6,28.6%,2,28.6%,-500,661.1111111
P0228,阿賀寿直,2,2,25,-42.9,3,0,1,0,1,0.0%,50.0%,50.0%,3550,26600,-21.45,6,24.0%,3,3,50.0%,6600,16000,3.833333333,33.33333333,4,16.0%,16625,7,28.0%,2.571428571,8,32.0%,5,62.5%,1,4,16.0%,5,0,0.0%,0,0.5,0.3333333333,0.5,-42900,-1716,16000,-48000,25,0,100.0%,シーズン,2026,ファイナル,-19500,50.0%,0.0%,50.0%,48000,84.0%,16.7%,0,0.0%,6,33.3%,2,40.0%,-3640,-1235
P0283,青ヒゲ危機一髪,2,2,22,-3.5,2.5,0,1,1,0,0.0%,50.0%,100.0%,23250,30700,-1.75,4,18.2%,0,4,0.0%,4675,8000,2.75,35,2,9.1%,5000,6,27.3%,1.833333333,5,22.7%,2,40.0%,2,8,36.4%,8,1,12.5%,0,1,0.5,0.25,-3500,-159.0909091,8000,-8900,22,0,100.0%,シーズン,2026,ファイナル,15800,50.0%,50.0%,0.0%,8000,90.9%,50.0%,2,33.3%,2,12.5%,2,25.0%,-1237.5,457.1428571
P0327,μゆぅちゃん,2,2,21,-14.8,3,0,1,0,1,0.0%,50.0%,50.0%,17600,33500,-7.4,2,9.5%,0,2,0.0%,8600,12000,3.5,40,5,23.8%,3680,2,9.5%,1.5,7,33.3%,2,28.6%,0,3,14.3%,5,1,20.0%,0,0.5,0.5,0.5,-14800,-704.7619048,12000,-8300,21,0,100.0%,全期間,,,1700,50.0%,0.0%,50.0%,8000,76.2%,0.0%,0,0.0%,2,10.5%,0,0.0%,1200,-1300
P0327,μゆぅちゃん,2,2,21,-14.8,3,0,1,0,1,0.0%,50.0%,50.0%,17600,33500,-7.4,2,9.5%,0,2,0.0%,8600,12000,3.5,40,5,23.8%,3680,2,9.5%,1.5,7,33.3%,2,28.6%,0,3,14.3%,5,1,20.0%,0,0.5,0.5,0.5,-14800,-704.7619048,12000,-8300,21,0,100.0%,年度,2026,,1700,50.0%,0.0%,50.0%,8000,76.2%,0.0%,0,0.0%,2,10.5%,0,0.0%,1200,-1300
P0327,μゆぅちゃん,2,2,21,-14.8,3,0,1,0,1,0.0%,50.0%,50.0%,17600,33500,-7.4,2,9.5%,0,2,0.0%,8600,12000,3.5,40,5,23.8%,3680,2,9.5%,1.5,7,33.3%,2,28.6%,0,3,14.3%,5,1,20.0%,0,0.5,0.5,0.5,-14800,-704.7619048,12000,-8300,21,0,100.0%,シーズン,2026,ファイナル,1700,50.0%,0.0%,50.0%,8000,76.2%,0.0%,0,0.0%,2,10.5%,0,0.0%,1200,-1300
P0268,樹央,2,2,24,17.3,2,1,0,1,0,50.0%,50.0%,100.0%,33650,40600,8.65,6,25.0%,0,6,0.0%,6216.666667,12000,3.166666667,33.33333333,1,4.2%,8000,9,37.5%,3.222222222,4,16.7%,3,75.0%,3,5,20.8%,6,1,16.7%,0,0.3333333333,0.6666666667,0,17300,720.8333333,12300,-8000,24,0,100.0%,シーズン,2026,ファイナル,26700,0.0%,50.0%,0.0%,8000,95.8%,50.0%,3,33.3%,3,20.0%,0,0.0%,400,827.7777778
P0044,Mychemi,1,1,15,-11.4,3,0,0,1,0,0.0%,0.0%,100.0%,13600,13600,-11.4,3,20.0%,1,2,33.3%,4116.666667,8000,2.833333333,30,1,6.7%,12000,5,33.3%,2.142857143,2,13.3%,4,200.0%,0,2,13.3%,5,1,20.0%,0,0.5,0.1666666667,0,-4300,-286.6666667,9900,-13300,25,0,166.7%,シーズン,2026,ファイナル,13600,0.0%,100.0%,0.0%,12000,93.3%,0.0%,2,40.0%,1,10.0%,0,0.0%,-1440,145
P0249,橋本るり子,0,0,0,0,,0,0,0,0,,,,,,,0,,0,0,,1500,2000,1.5,30,0,,3900,0,,2.666666667,0,,0,,0,1,,2,0,0.0%,0,0,0.5,0,-4800,,3300,-3900,10,0,,シーズン,2026,ファイナル,,,,,3900,,,1,,0,,0,0.0%,-1150,-312.5
P0034,k-k,1,1,14,0.6,2,0,1,0,0,0.0%,100.0%,100.0%,25600,25600,0.6,3,21.4%,2,1,66.7%,4216.666667,8000,2.833333333,26.66666667,1,7.1%,3900,4,28.6%,2.875,3,21.4%,2,66.7%,1,6,42.9%,8,2,25.0%,0,0.5,0.6666666667,0,3500,250,10600,-6000,24,0,171.4%,シーズン,2026,ファイナル,25600,100.0%,0.0%,0.0%,3900,92.9%,33.3%,4,100.0%,0,0.0%,1,12.5%,-350,393.75
P0155,ねこます,1,1,11,-15.2,4,0,0,0,1,0.0%,0.0%,0.0%,9800,9800,-15.2,0,0.0%,0,0,,3900,3900,3,30,3,27.3%,1850,2,18.2%,3.25,3,27.3%,0,0.0%,0,2,18.2%,4,0,0.0%,0,0,1,0,-20400,-1854.545455,4900,-5200,21,0,190.9%,シーズン,2026,ファイナル,9800,0.0%,0.0%,100.0%,3900,72.7%,,1,50.0%,0,0.0%,2,50.0%,-2250,-670.5882353
P0259,溝渕智也,1,1,10,-13.4,4,0,0,0,1,0.0%,0.0%,0.0%,11600,11600,-13.4,2,20.0%,1,1,50.0%,7950,12000,4.5,30,3,30.0%,7966.666667,4,40.0%,4,1,10.0%,1,100.0%,1,1,10.0%,2,0,0.0%,0,0,0,1.5,-13400,-1340,13300,-12000,10,0,100.0%,シーズン,2026,ファイナル,11600,0.0%,0.0%,100.0%,12000,70.0%,50.0%,1,25.0%,1,16.7%,0,0.0%,-2500,-1050
P0326,鰤トニー,2,2,21,-7.4,2,0,2,0,0,0.0%,100.0%,100.0%,21300,27000,-3.7,4,19.0%,1,3,25.0%,5450,12000,2.75,32.5,2,9.5%,3900,8,38.1%,3,4,19.0%,3,75.0%,1,1,4.8%,6,2,33.3%,0,0.5,0,0.5,-7400,-352.3809524,12000,-6000,21,0,100.0%,シーズン,2026,ファイナル,15600,100.0%,0.0%,0.0%,3900,90.5%,25.0%,1,12.5%,3,23.1%,1,16.7%,950,-873.3333333
P0156,パイ乙戦士全ツ,1,1,10,-8.9,3,0,0,1,0,0.0%,0.0%,100.0%,16100,16100,-8.9,0,0.0%,0,0,,,,,,0,0.0%,,3,30.0%,3,2,20.0%,0,0.0%,0,1,10.0%,3,0,0.0%,0,,,,-8900,-890,3000,-7100,10,0,100.0%,シーズン,2026,ファイナル,16100,0.0%,100.0%,0.0%,,100.0%,,0,0.0%,0,0.0%,0,0.0%,-1800,-500
P0397,ダイゴ＠LA,2,2,30,-6.7,2,1,0,1,0,50.0%,50.0%,100.0%,21650,29300,-3.35,6,20.0%,1,5,16.7%,7916.666667,18000,3.5,36.66666667,2,6.7%,8900,13,43.3%,2.692307692,6,20.0%,3,50.0%,3,3,10.0%,7,3,42.9%,0,1.166666667,0.8,0.2,-6700,-223.3333333,18000,-12300,30,0,100.0%,シーズン,2026,ファイナル,14000,0.0%,50.0%,0.0%,12000,93.3%,50.0%,4,30.8%,2,11.8%,0,0.0%,4171.428571,-1560.869565
P0303,田口淳之介,1,1,15,0,3,0,0,1,0,0.0%,0.0%,100.0%,25000,25000,0,4,26.7%,2,2,50.0%,5200,8000,3,30,0,0.0%,,6,40.0%,2.833333333,0,0.0%,0,,4,0,0.0%,4,2,50.0%,0,1,0.5,0,0,0,9300,-6100,15,0,100.0%,シーズン,2026,ファイナル,25000,0.0%,100.0%,0.0%,,100.0%,100.0%,4,66.7%,0,0.0%,0,0.0%,1925,-700
P0102,けっけ,1,1,15,1.4,2,0,1,0,0,0.0%,100.0%,100.0%,26400,26400,1.4,5,33.3%,4,1,80.0%,6900,12000,3.4,38,4,26.7%,3175,6,40.0%,2.333333333,5,33.3%,2,40.0%,3,0,0.0%,5,3,60.0%,0,1,0.4,0.2,1400,93.33333333,12000,-6200,15,0,100.0%,シーズン,2026,ファイナル,26400,100.0%,0.0%,0.0%,5800,73.3%,60.0%,4,66.7%,1,11.1%,1,20.0%,2740,-1230
P0015,aimoni,3,3,39,36.4,3,1,0,0,2,33.3%,33.3%,33.3%,37133.33333,75700,12.13333333,8,20.5%,3,5,37.5%,12487.5,48000,5.125,37.5,3,7.7%,7000,8,20.5%,2.75,11,28.2%,6,54.5%,2,4,10.3%,9,2,22.2%,1,0.625,1.142857143,0.2857142857,36400,933.3333333,48000,-12000,39,0,100.0%,シーズン,2026,ファイナル,16400,0.0%,0.0%,66.7%,12000,92.3%,25.0%,1,12.5%,7,22.6%,0,0.0%,5055.555556,-303.3333333
P0051,Redstar,1,1,12,-3,3,0,0,1,0,0.0%,0.0%,100.0%,22000,22000,-3,1,8.3%,1,0,100.0%,5200,5200,3,40,0,0.0%,,4,33.3%,2.25,2,16.7%,1,50.0%,0,3,25.0%,2,0,0.0%,0,0,0,0,-3000,-250,5500,-2200,12,0,100.0%,シーズン,2026,ファイナル,22000,0.0%,100.0%,0.0%,,100.0%,0.0%,0,0.0%,1,12.5%,0,0.0%,-1250,-50
P0127,ソニア@SMY会,2,2,25,-36,4,0,0,0,2,0.0%,0.0%,0.0%,7000,12300,-18,3,12.0%,0,3,0.0%,5166.666667,7700,2.333333333,40,4,16.0%,8900,8,32.0%,2.875,4,16.0%,1,25.0%,2,6,24.0%,7,3,42.9%,0,0.6666666667,0.3333333333,0,-36000,-1440,7700,-12300,25,0,100.0%,シーズン,2026,ファイナル,1700,0.0%,0.0%,100.0%,12000,84.0%,66.7%,1,12.5%,2,11.8%,1,14.3%,1357.142857,-2527.777778
P0207,ゆっしー@,2,2,25,7.3,2,1,0,1,0,50.0%,50.0%,100.0%,28650,33900,3.65,5,20.0%,3,2,60.0%,7040,12000,4.4,28,4,16.0%,6400,4,16.0%,3.25,7,28.0%,3,42.9%,2,6,24.0%,4,0,0.0%,0,1,0.5,0.5,7300,292,13300,-13000,25,0,100.0%,シーズン,2026,ファイナル,23400,0.0%,50.0%,0.0%,12000,84.0%,40.0%,2,50.0%,3,14.3%,1,25.0%,-2275,780.952381
P0101,くれば,2,2,22,-2.575,3,0,1,0,1,0.0%,50.0%,50.0%,23712.5,31800,-1.2875,4,18.2%,3,1,75.0%,6200,9600,3.25,31.25,5,22.7%,4700,3,13.6%,2.666666667,8,36.4%,4,50.0%,0,4,18.2%,7,2,28.6%,0,0,0.25,0,-2575,-117.0454545,11900,-8000,22,0,100.0%,シーズン,2026,ファイナル,15625,50.0%,0.0%,50.0%,8000,77.3%,0.0%,0,0.0%,4,21.1%,1,14.3%,1285.714286,-771.6666667
P0171,ブ茶ラティ,2,2,22,13.2,1.5,1,1,0,0,50.0%,100.0%,100.0%,31600,35500,6.6,4,18.2%,4,0,100.0%,6975,8000,4,27.5,4,18.2%,2275,9,40.9%,3.222222222,5,22.7%,3,60.0%,1,5,22.7%,5,1,20.0%,0,0.5,0,0.5,13200,600,8300,-6500,22,0,100.0%,シーズン,2026,ファイナル,27700,50.0%,0.0%,0.0%,5800,81.8%,25.0%,1,11.1%,3,23.1%,2,40.0%,-600,952.9411765
P0302,店長倍損の上司,1,1,9,4.7,2,0,1,0,0,0.0%,100.0%,100.0%,29700,29700,4.7,3,33.3%,0,3,0.0%,5100,12000,2.333333333,33.33333333,0,0.0%,,5,55.6%,3.4,2,22.2%,2,100.0%,1,1,11.1%,3,1,33.3%,0,0,0.3333333333,0.3333333333,4700,522.2222222,12000,-6000,9,0,100.0%,シーズン,2026,ファイナル,29700,100.0%,0.0%,0.0%,,100.0%,33.3%,1,20.0%,2,50.0%,0,0.0%,633.3333333,466.6666667
P0143,どっち？弾平,2,2,20,-2.2,2.5,0,1,1,0,0.0%,50.0%,100.0%,23900,29400,-1.1,7,35.0%,1,6,14.3%,3714.285714,12000,2.285714286,30,3,15.0%,5333.333333,8,40.0%,3.25,2,10.0%,1,50.0%,6,2,10.0%,6,2,33.3%,0,0.2857142857,0.5714285714,0,-2200,-110,12000,-12000,20,0,100.0%,シーズン,2026,ファイナル,18400,50.0%,50.0%,0.0%,12000,85.0%,85.7%,6,75.0%,1,8.3%,1,16.7%,-400,14.28571429
P0260,黒太郎@SMY会,1,1,10,23.1,1,1,0,0,0,100.0%,100.0%,100.0%,48100,48100,23.1,4,40.0%,1,3,25.0%,5500,12000,2.75,32.5,0,0.0%,,3,30.0%,2.333333333,2,20.0%,1,50.0%,3,1,10.0%,3,1,33.3%,0,1,0.5,0,23100,2310,12000,-1500,10,0,100.0%,シーズン,2026,ファイナル,48100,0.0%,0.0%,0.0%,,100.0%,75.0%,3,100.0%,1,14.3%,0,0.0%,3500,1800
P0232,羽田暁音,2,2,21,-13.3,2.5,0,1,1,0,0.0%,50.0%,100.0%,18350,22400,-6.65,2,9.5%,1,1,50.0%,5800,6400,4,22.5,3,14.3%,3333.333333,4,19.0%,2.25,6,28.6%,2,33.3%,0,7,33.3%,4,0,0.0%,0,0.5,0,0,-13300,-633.3333333,6500,-9000,21,0,100.0%,シーズン,2026,ファイナル,14300,50.0%,50.0%,0.0%,8000,85.7%,0.0%,0,0.0%,2,11.8%,1,25.0%,-575,-647.0588235
P0016,Anmi,1,1,10,-20.9,4,0,0,0,1,0.0%,0.0%,0.0%,4100,4100,-20.9,2,20.0%,0,2,0.0%,2450,3900,2,30,3,30.0%,7866.666667,4,40.0%,3,1,10.0%,0,0.0%,2,1,10.0%,2,0,0.0%,0,0.5,0.5,0,-20900,-2090,4900,-12000,10,0,100.0%,シーズン,2026,ファイナル,4100,0.0%,0.0%,100.0%,12000,70.0%,100.0%,2,50.0%,0,0.0%,2,100.0%,-5800,-1162.5
P0096,キラ、,1,1,14,18.7,1,1,0,0,0,100.0%,100.0%,100.0%,43700,43700,18.7,3,21.4%,3,0,100.0%,10400,18000,4.333333333,33.33333333,0,0.0%,,0,0.0%,3.666666667,0,0.0%,3,,0,5,35.7%,4,1,25.0%,0,1,0,1.333333333,18700,1335.714286,18000,-4200,14,0,100.0%,シーズン,2026,ファイナル,43700,0.0%,0.0%,0.0%,,100.0%,0.0%,0,,3,21.4%,0,0.0%,3300,550
P0030,Hiromu,1,1,14,-5.4,3,0,0,1,0,0.0%,0.0%,100.0%,19600,19600,-5.4,2,14.3%,2,0,100.0%,4750,8000,2.5,35,0,0.0%,,6,42.9%,3.5,3,21.4%,1,33.3%,1,5,35.7%,2,0,0.0%,0,0.5,0.5,0,-5400,-385.7142857,10300,-6000,14,0,100.0%,シーズン,2026,ファイナル,19600,0.0%,100.0%,0.0%,,100.0%,50.0%,1,16.7%,1,12.5%,0,0.0%,-2000,-116.6666667
P0184,まーくん RMU,1,1,14,-13.9,4,0,0,0,1,0.0%,0.0%,0.0%,11100,11100,-13.9,1,7.1%,0,1,0.0%,3900,3900,3,30,1,7.1%,2000,4,28.6%,4.25,5,35.7%,1,20.0%,0,5,35.7%,4,0,0.0%,0,1,0,0,-13900,-992.8571429,4200,-6000,14,0,100.0%,シーズン,2026,ファイナル,11100,0.0%,0.0%,100.0%,2000,92.9%,0.0%,0,0.0%,1,10.0%,0,0.0%,125,-1440
P0187,まびたん,1,1,15,16.1,1,1,0,0,0,100.0%,100.0%,100.0%,41100,41100,16.1,5,33.3%,2,3,40.0%,7960,12000,4,30,3,20.0%,4500,2,13.3%,2.5,4,26.7%,3,75.0%,2,1,6.7%,5,3,60.0%,0,0.6,0.8,0,16100,1073.333333,13300,-8300,15,0,100.0%,全期間,,,41100,0.0%,0.0%,0.0%,8000,80.0%,40.0%,1,50.0%,4,30.8%,1,20.0%,3120,50
P0187,まびたん,1,1,15,16.1,1,1,0,0,0,100.0%,100.0%,100.0%,41100,41100,16.1,5,33.3%,2,3,40.0%,7960,12000,4,30,3,20.0%,4500,2,13.3%,2.5,4,26.7%,3,75.0%,2,1,6.7%,5,3,60.0%,0,0.6,0.8,0,16100,1073.333333,13300,-8300,15,0,100.0%,年度,2026,,41100,0.0%,0.0%,0.0%,8000,80.0%,40.0%,1,50.0%,4,30.8%,1,20.0%,3120,50
P0187,まびたん,1,1,15,16.1,1,1,0,0,0,100.0%,100.0%,100.0%,41100,41100,16.1,5,33.3%,2,3,40.0%,7960,12000,4,30,3,20.0%,4500,2,13.3%,2.5,4,26.7%,3,75.0%,2,1,6.7%,5,3,60.0%,0,0.6,0.8,0,16100,1073.333333,13300,-8300,15,0,100.0%,シーズン,2026,ファイナル,41100,0.0%,0.0%,0.0%,8000,80.0%,40.0%,1,50.0%,4,30.8%,1,20.0%,3120,50
P0279,上野あいみ,2,2,28,-12.8,2.5,1,0,0,1,50.0%,50.0%,50.0%,18600,32500,-6.4,4,14.3%,2,2,50.0%,4025,12000,2.75,27.5,2,7.1%,2950,7,25.0%,2.142857143,3,10.7%,1,33.3%,3,5,17.9%,4,0,0.0%,0,0.5,0.5,0.25,-12800,-457.1428571,13500,-4000,28,0,100.0%,シーズン,2026,ファイナル,4700,0.0%,0.0%,50.0%,3900,92.9%,75.0%,3,42.9%,1,4.8%,1,25.0%,-2725,-79.16666667
P0241,喜多剛士@μ,2,2,21,30.7,1,2,0,0,0,100.0%,100.0%,100.0%,40350,46300,15.35,8,38.1%,3,5,37.5%,4487.5,8000,2.75,33.125,2,9.5%,6600,7,33.3%,2.142857143,6,28.6%,5,83.3%,3,7,33.3%,6,1,16.7%,0,0.5,0.25,0,30700,1461.904762,11900,-8300,21,0,100.0%,シーズン,2026,ファイナル,34400,0.0%,0.0%,0.0%,8000,90.5%,37.5%,3,42.9%,5,35.7%,0,0.0%,516.6666667,1840
P0135,だてまきたまご,1,1,11,-9.5,4,0,0,0,1,0.0%,0.0%,0.0%,15500,15500,-9.5,0,0.0%,0,0,,,,,,1,9.1%,2000,1,9.1%,2,2,18.2%,0,0.0%,0,6,54.5%,2,0,0.0%,0,,,,-9500,-863.6363636,500,-2100,11,0,100.0%,全期間,,,15500,0.0%,0.0%,100.0%,2000,90.9%,,0,0.0%,0,0.0%,1,50.0%,-1750,-666.6666667
P0135,だてまきたまご,1,1,11,-9.5,4,0,0,0,1,0.0%,0.0%,0.0%,15500,15500,-9.5,0,0.0%,0,0,,,,,,1,9.1%,2000,1,9.1%,2,2,18.2%,0,0.0%,0,6,54.5%,2,0,0.0%,0,,,,-9500,-863.6363636,500,-2100,11,0,100.0%,年度,2026,,15500,0.0%,0.0%,100.0%,2000,90.9%,,0,0.0%,0,0.0%,1,50.0%,-1750,-666.6666667
P0135,だてまきたまご,1,1,11,-9.5,4,0,0,0,1,0.0%,0.0%,0.0%,15500,15500,-9.5,0,0.0%,0,0,,,,,,1,9.1%,2000,1,9.1%,2,2,18.2%,0,0.0%,0,6,54.5%,2,0,0.0%,0,,,,-9500,-863.6363636,500,-2100,11,0,100.0%,シーズン,2026,ファイナル,15500,0.0%,0.0%,100.0%,2000,90.9%,,0,0.0%,0,0.0%,1,50.0%,-1750,-666.6666667
P0276,松崎真也,1,1,9,10.2,1,1,0,0,0,100.0%,100.0%,100.0%,35200,35200,10.2,3,33.3%,0,3,0.0%,6633.333333,8000,3.666666667,36.66666667,1,11.1%,8000,3,33.3%,2.333333333,3,33.3%,2,66.7%,1,0,0.0%,2,0,0.0%,0,0.3333333333,0.6666666667,0.3333333333,10200,1133.333333,9300,-8000,9,0,100.0%,シーズン,2026,ファイナル,35200,0.0%,0.0%,0.0%,8000,88.9%,33.3%,1,33.3%,2,33.3%,0,0.0%,-1000,1742.857143
P0024,EmperorTime,2,2,22,0.8,3,0,1,0,1,0.0%,50.0%,50.0%,25400,34400,0.4,4,18.2%,1,3,25.0%,6950,12000,3.5,32.5,3,13.6%,4500,6,27.3%,2.5,4,18.2%,2,50.0%,2,4,18.2%,7,2,28.6%,0,1.5,0,0.3333333333,800,36.36363636,12000,-8000,22,0,100.0%,シーズン,2026,ファイナル,16400,50.0%,0.0%,50.0%,8000,86.4%,50.0%,1,16.7%,3,18.8%,0,0.0%,2371.428571,-1053.333333
P0217,リョータ,1,1,9,-13.8,4,0,0,0,1,0.0%,0.0%,0.0%,11200,11200,-13.8,2,22.2%,1,1,50.0%,3300,4000,2.5,35,2,22.2%,7950,0,0.0%,,3,33.3%,1,33.3%,1,0,0.0%,2,0,0.0%,0,1,0,0,-13800,-1533.333333,4000,-12000,9,0,100.0%,シーズン,2026,ファイナル,11200,0.0%,0.0%,100.0%,12000,77.8%,50.0%,0,,2,22.2%,0,0.0%,-1000,-1685.714286
P0032,J,1,1,9,-5.8,3,0,0,1,0,0.0%,0.0%,100.0%,19200,19200,-5.8,1,11.1%,1,0,100.0%,4000,4000,3,30,1,11.1%,8000,3,33.3%,2,0,0.0%,0,,1,0,0.0%,2,0,0.0%,0,0,0,0,-5800,-644.4444444,4000,-8300,9,0,100.0%,シーズン,2026,ファイナル,19200,0.0%,100.0%,0.0%,8000,88.9%,100.0%,1,33.3%,0,0.0%,0,0.0%,0,-828.5714286
P0018,Blue-K18,1,1,10,1.35,2,0,1,0,0,0.0%,100.0%,100.0%,26350,26350,1.35,2,20.0%,0,2,0.0%,4500,8000,2.5,35,1,10.0%,6400,3,30.0%,2.666666667,3,30.0%,1,33.3%,1,1,10.0%,2,0,0.0%,0,1,0,0.5,1350,135,8000,-6400,10,0,100.0%,シーズン,2026,ファイナル,26350,100.0%,0.0%,0.0%,6400,90.0%,50.0%,1,33.3%,1,14.3%,1,50.0%,-3475,1037.5
P0284,石川安牌,1,1,11,23.8,1,1,0,0,0,100.0%,100.0%,100.0%,48800,48800,23.8,3,27.3%,2,1,66.7%,6633.333333,12000,3.666666667,30,1,9.1%,1000,4,36.4%,2.75,2,18.2%,1,50.0%,2,1,9.1%,3,1,33.3%,0,0.3333333333,1,0.3333333333,23800,2163.636364,13000,-2000,11,0,100.0%,シーズン,2026,ファイナル,48800,0.0%,0.0%,0.0%,1000,90.9%,66.7%,2,50.0%,1,14.3%,1,33.3%,3666.666667,1600
P0136,チン☆パラ,1,1,11,-13,3,0,0,1,0,0.0%,0.0%,100.0%,12000,12000,-13,2,18.2%,0,2,0.0%,1500,2000,1.5,30,3,27.3%,3500,2,18.2%,3,3,27.3%,1,33.3%,1,1,9.1%,2,0,0.0%,0,0,0,0,-13000,-1181.818182,3000,-8000,11,0,100.0%,シーズン,2026,ファイナル,12000,0.0%,100.0%,0.0%,8000,72.7%,50.0%,1,50.0%,1,11.1%,2,100.0%,-5000,-333.3333333
P0002,悠紀子,1,1,13,9.3,2,0,1,0,0,0.0%,100.0%,100.0%,34300,34300,9.3,3,23.1%,1,2,33.3%,5566.666667,12000,3.333333333,30,1,7.7%,3900,5,38.5%,2.8,3,23.1%,2,66.7%,1,3,23.1%,3,1,33.3%,0,1.333333333,0.5,0,9300,715.3846154,13000,-3900,13,0,100.0%,シーズン,2026,ファイナル,34300,100.0%,0.0%,0.0%,3900,92.3%,33.3%,1,20.0%,2,25.0%,0,0.0%,3833.333333,-220
P0139,つよ,1,1,11,34.8,1,1,0,0,0,100.0%,100.0%,100.0%,59800,59800,34.8,5,45.5%,3,2,60.0%,8780,12000,4.6,32,2,18.2%,3400,3,27.3%,4.666666667,2,18.2%,2,100.0%,3,0,0.0%,3,1,33.3%,0,1.2,0.6,0.2,34800,3163.636364,12000,-5800,11,0,100.0%,シーズン,2026,ファイナル,59800,0.0%,0.0%,0.0%,5800,81.8%,60.0%,2,66.7%,3,37.5%,1,33.3%,2700,3337.5
P0163,ひろとだポン,1,1,15,4.8,2,0,1,0,0,0.0%,100.0%,100.0%,29800,29800,4.8,2,13.3%,2,0,100.0%,10000,12000,4,35,2,13.3%,4500,4,26.7%,3.25,2,13.3%,0,0.0%,2,3,20.0%,4,1,25.0%,0,1.5,1,0,4800,320,12000,-8000,15,0,100.0%,シーズン,2026,ファイナル,29800,100.0%,0.0%,0.0%,8000,86.7%,100.0%,1,25.0%,1,9.1%,1,25.0%,2400,-436.3636364
P0238,海賊王,1,1,13,19.5,1,1,0,0,0,100.0%,100.0%,100.0%,44500,44500,19.5,4,30.8%,2,2,50.0%,7500,18000,3.75,35,2,15.4%,5000,6,46.2%,4.166666667,0,0.0%,0,,4,1,7.7%,4,2,50.0%,0,1.5,0.25,0,19500,1500,18000,-8000,13,0,100.0%,全期間,,,44500,0.0%,0.0%,0.0%,8000,84.6%,100.0%,4,66.7%,0,0.0%,0,0.0%,5250,-166.6666667
P0238,海賊王,1,1,13,19.5,1,1,0,0,0,100.0%,100.0%,100.0%,44500,44500,19.5,4,30.8%,2,2,50.0%,7500,18000,3.75,35,2,15.4%,5000,6,46.2%,4.166666667,0,0.0%,0,,4,1,7.7%,4,2,50.0%,0,1.5,0.25,0,19500,1500,18000,-8000,13,0,100.0%,年度,2026,,44500,0.0%,0.0%,0.0%,8000,84.6%,100.0%,4,66.7%,0,0.0%,0,0.0%,5250,-166.6666667
P0238,海賊王,1,1,13,19.5,1,1,0,0,0,100.0%,100.0%,100.0%,44500,44500,19.5,4,30.8%,2,2,50.0%,7500,18000,3.75,35,2,15.4%,5000,6,46.2%,4.166666667,0,0.0%,0,,4,1,7.7%,4,2,50.0%,0,1.5,0.25,0,19500,1500,18000,-8000,13,0,100.0%,シーズン,2026,ファイナル,44500,0.0%,0.0%,0.0%,8000,84.6%,100.0%,4,66.7%,0,0.0%,0,0.0%,5250,-166.6666667
P0010,☆魔雀T塾生☆,1,1,13,-18.3,3,0,0,1,0,0.0%,0.0%,100.0%,6700,6700,-18.3,2,15.4%,0,2,0.0%,4200,6400,3,27.5,2,15.4%,7850,3,23.1%,4.666666667,4,30.8%,1,25.0%,1,1,7.7%,2,0,0.0%,0,0,0.5,0,-18300,-1407.692308,6700,-9300,13,0,100.0%,シーズン,2026,ファイナル,6700,0.0%,100.0%,0.0%,8000,84.6%,50.0%,1,33.3%,1,10.0%,0,0.0%,-750,-1527.272727
P0298,中出雄介,1,1,13,-19.4,4,0,0,0,1,0.0%,0.0%,0.0%,5600,5600,-19.4,2,15.4%,0,2,0.0%,8000,8000,5,30,5,38.5%,6000,4,30.8%,4,2,15.4%,2,100.0%,0,1,7.7%,3,0,0.0%,0,0,1,1.5,-19400,-1492.307692,9300,-12000,13,0,100.0%,シーズン,2026,ファイナル,5600,0.0%,0.0%,100.0%,12000,61.5%,0.0%,0,0.0%,2,22.2%,1,33.3%,-366.6666667,-1830