年度,リーグ,ステージ,順位,選手名,チーム名,試合数,ポイント,平均スコア,平均順位,最高得点,最高得点順位,最低得点,トップ数,2着数,3着数,4着数,トップ率,トップ率順位,ラス回避率,ラス回避率順位,最多勝利順位,ポイント賞順位,ラス回避率賞順位,最多勝利賞順位,最高得点賞順位,トップ率賞順位,選手ID
2026,Aリーグ,セミファイナル,1,Hiromu,最強位ズ,3,199.1,66.4,1.00,"60,300点",4,"31,700点",3,0,0,0,100.0%,1,100.0%,2,1,,,,,,P0030
2026,Aリーグ,セミファイナル,2,k-k,電光石火,3,182.2,60.7,1.00,"46,000点",11,"32,800点",3,0,0,0,100.0%,2,100.0%,3,2,,,,,,P0034
2026,Aリーグ,セミファイナル,3,阿賀寿直,SILVER WOLVES,2,125,62.5,1.00,"47,300点",9,"37,700点",2,0,0,0,100.0%,3,100.0%,9,3,,,,,,P0228
2026,Aリーグ,セミファイナル,4,松崎真也,SILVER WOLVES,3,117.7,39.2,1.67,"57,200点",6,"15,400点",2,0,1,0,66.7%,5,100.0%,4,4,,,,,,P0276
2026,Aリーグ,セミファイナル,5,すー,ＺＯＯ,4,117.5,29.4,2.00,"96,100点",1,"-5,200点",2,1,0,1,50.0%,6,75.0%,22,5,,,,,,P0121
2026,Aリーグ,セミファイナル,6,まびたん,最強位ズ,1,80.2,80.2,1.00,"60,200点",5,"60,200点",1,0,0,0,100.0%,4,100.0%,18,8,,,,,,P0187
2026,Aリーグ,セミファイナル,7,サンタマルコ,ＺＯＯ,4,74.7,18.7,2.25,"67,800点",2,"15,700点",2,0,1,1,50.0%,7,75.0%,23,6,,,,,,P0110
2026,Aリーグ,セミファイナル,8,J,MJ東京,4,61.3,15.3,2.00,"54,000点",8,"20,800点",1,2,1,0,25.0%,19,100.0%,1,19,,,,,,P0032
2026,Aリーグ,セミファイナル,9,葛餅,MJ東京,2,56.3,28.2,2.00,"55,500点",7,"20,800点",1,0,1,0,50.0%,9,100.0%,10,9,,,,,,P0240
2026,Aリーグ,セミファイナル,10,アベキング,武装,3,53.1,17.7,2.00,"44,300点",13,"30,000点",0,3,0,0,0.0%,23,100.0%,5,35,,,,,,P0070
2026,Aリーグ,セミファイナル,11,EmperorTime,電光石火,3,46.6,15.5,2.33,"45,200点",12,"22,500点",1,0,2,0,33.3%,11,100.0%,6,11,,,,,,P0024
2026,Aリーグ,セミファイナル,12,Mychemi,MJ東京,4,35.2,8.8,2.25,"41,400点",15,"16,900点",1,2,0,1,25.0%,20,75.0%,24,20,,,,,,P0044
2026,Aリーグ,セミファイナル,13,まーくん RMU,SILVER WOLVES,3,28.3,9.4,2.33,"35,300点",26,"17,800点",1,1,0,1,33.3%,12,66.7%,26,12,,,,,,P0184
2026,Aリーグ,セミファイナル,14,ねこます,最強位ズ,3,27.7,9.2,2.33,"62,400点",3,-600点,1,1,0,1,33.3%,13,66.7%,27,13,,,,,,P0155
2026,Aリーグ,セミファイナル,15,リョータ,最強位ズ,3,25.6,8.5,2.33,"38,700点",19,"20,800点",1,1,0,1,33.3%,14,66.7%,28,14,,,,,,P0217
2026,Aリーグ,セミファイナル,16,チン☆パラ,MJ東京,2,19.7,9.9,2.00,"36,800点",23,"22,900点",0,2,0,0,0.0%,32,100.0%,11,24,,,,,,P0136
2026,Aリーグ,セミファイナル,17,上野あいみ,SILVER WOLVES,3,17.4,5.8,2.33,"35,200点",27,"20,800点",1,0,2,0,33.3%,15,100.0%,7,15,,,,,,P0279
2026,Aリーグ,セミファイナル,18,ひろとだポン,電光石火,1,5.8,5.8,2.00,"25,800点",36,"25,800点",0,1,0,0,0.0%,43,100.0%,19,22,,,,,,P0163
2026,Aリーグ,セミファイナル,19,年賀状,武装,2,0,0,2.50,"37,600点",22,"22,400点",0,1,1,0,0.0%,33,100.0%,12,25,,,,,,P0307
2026,Aリーグ,セミファイナル,20,赤哲,武装,2,-0.4,-0.2,2.50,"39,700点",18,"19,900点",0,1,1,0,0.0%,34,100.0%,13,26,,,,,,P0288
2026,Aリーグ,セミファイナル,21,田口淳之介,SILVER WOLVES,2,-7.5,-3.8,2.00,"25,300点",37,"7,200点",0,2,0,0,0.0%,35,100.0%,14,27,,,,,,P0303
2026,Aリーグ,セミファイナル,22,ご飯にバター,ＺＯＯ,4,-7.8,-2,2.50,"47,200点",10,"8,400点",1,1,1,1,25.0%,21,75.0%,25,21,,,,,,P0106
2026,Aリーグ,セミファイナル,23,橋本るり子,SILVER WOLVES,2,-11.7,-5.9,2.50,"36,400点",25,"11,900点",0,1,1,0,0.0%,36,100.0%,15,28,,,,,,P0249
2026,Aリーグ,セミファイナル,24,とむとむ,武装,2,-12.2,-6.1,2.50,"32,500点",30,"-4,700点",1,0,0,1,50.0%,10,50.0%,36,10,,,,,,P0146
2026,Aリーグ,セミファイナル,25,しんじゃうツモ,武装,2,-13.8,-6.9,2.50,"29,300点",34,"16,900点",0,1,1,0,0.0%,37,100.0%,16,29,,,,,,P0119
2026,Aリーグ,セミファイナル,25,ミッキー柳井,電光石火,3,-13.8,-4.6,2.67,"38,100点",21,"6,900点",1,0,1,1,33.3%,16,66.7%,29,16,,,,,,P0194
2026,Aリーグ,セミファイナル,27,Bu Ki Chi,ＺＯＯ,3,-18.1,-6,2.67,"40,600点",16,"10,600点",1,0,1,1,33.3%,17,66.7%,30,17,,,,,,P0020
2026,Aリーグ,セミファイナル,28,ツナマヨ,武装,1,-18.8,-18.8,3.00,"21,200点",40,"21,200点",0,0,1,0,0.0%,44,100.0%,20,23,,,,,,P0138
2026,Aリーグ,セミファイナル,29,ゆんゆん,武装,3,-23.7,-7.9,2.67,"31,700点",32,"21,200点",0,1,2,0,0.0%,24,100.0%,8,36,,,,,,P0210
2026,Aリーグ,セミファイナル,30,ｒｒｒｒｒｒ,最強位ズ,4,-32.7,-8.2,2.50,"43,300点",14,"-35,800点",2,0,0,2,50.0%,8,50.0%,35,7,,,,,,P0053
2026,Aリーグ,セミファイナル,31,rinruka,ＺＯＯ,2,-45.7,-22.9,3.00,"30,000点",33,"4,300点",0,1,0,1,0.0%,38,50.0%,37,30,,,,,,P0052
2026,Aリーグ,セミファイナル,32,石川安牌,SILVER WOLVES,3,-48.6,-16.2,3.00,"33,000点",28,"7,900点",1,0,0,2,33.3%,18,33.3%,41,18,,,,,,P0284
2026,Aリーグ,セミファイナル,33,乙子,武装,2,-57.6,-28.8,3.00,"26,300点",35,"-3,900点",0,1,0,1,0.0%,39,50.0%,38,31,,,,,,P0236
2026,Aリーグ,セミファイナル,34,aimoni,MJ東京,2,-58.2,-29.1,3.00,"20,400点",41,"1,400点",0,0,2,0,0.0%,40,100.0%,17,32,,,,,,P0015
2026,Aリーグ,セミファイナル,35,フィクション,武装,3,-58.3,-19.4,3.00,"40,400点",17,"-9,400点",0,1,1,1,0.0%,25,66.7%,31,37,,,,,,P0165
2026,Aリーグ,セミファイナル,36,どっち？弾平,電光石火,3,-59.4,-19.8,3.00,"38,600点",20,"2,300点",0,1,1,1,0.0%,26,66.7%,32,38,,,,,,P0143
2026,Aリーグ,セミファイナル,37,ブ茶ラティ,最強位ズ,3,-62.7,-20.9,3.00,"22,800点",39,"13,100点",0,1,1,1,0.0%,27,66.7%,33,39,,,,,,P0171
2026,Aリーグ,セミファイナル,38,魔王,電光石火,2,-71.5,-35.8,3.50,"18,300点",42,"10,200点",0,0,1,1,0.0%,41,50.0%,39,33,,,,,,P0312
2026,Aリーグ,セミファイナル,39,戯言遣い,ＺＯＯ,3,-76.7,-25.6,3.00,"32,600点",29,"-1,300点",0,1,1,1,0.0%,28,66.7%,34,40,,,,,,P0242
2026,Aリーグ,セミファイナル,40,店長倍損の上司,SILVER WOLVES,2,-79.7,-39.9,3.50,"14,900点",43,"5,400点",0,0,1,1,0.0%,42,50.0%,40,34,,,,,,P0302
2026,Aリーグ,セミファイナル,41,キラ、,MJ東京,3,-91.7,-30.6,3.33,"36,700点",24,"3,300点",0,1,0,2,0.0%,29,33.3%,42,41,,,,,,P0096
2026,Aリーグ,セミファイナル,42,けっけ,電光石火,5,-109.1,-21.8,3.00,"32,500点",30,"7,300点",0,1,3,1,0.0%,22,80.0%,21,44,,,,,,P0102
2026,Aリーグ,セミファイナル,43,えんがわ,MJ東京,3,-115.6,-38.5,3.67,"24,800点",38,"5,100点",0,0,1,2,0.0%,30,33.3%,43,42,,,,,,P0078
2026,Aリーグ,セミファイナル,44,ダイゴ＠LA,最強位ズ,3,-178.1,-59.4,4.00,"13,600点",44,"-12,800点",0,0,0,3,0.0%,31,0.0%,44,43,,,,,,P0397
2026,Aリーグ,ファイナル,1,石川安牌,SILVER WOLVES,1,67.8,67.8,1.00,"47,800点",1,"47,800点",1,0,0,0,100.0%,1,100.0%,5,1,,,,,,P0284
2026,Aリーグ,ファイナル,2,キラ、,MJ東京,1,63.7,63.7,1.00,"43,700点",2,"43,700点",1,0,0,0,100.0%,2,100.0%,6,2,,,,,,P0096
2026,Aリーグ,ファイナル,3,まびたん,最強位ズ,1,61.1,61.1,1.00,"41,100点",3,"41,100点",1,0,0,0,100.0%,3,100.0%,7,3,,,,,,P0187
2026,Aリーグ,ファイナル,4,えんがわ,MJ東京,1,60.3,60.3,1.00,"40,300点",5,"40,300点",1,0,0,0,100.0%,4,100.0%,8,4,,,,,,P0078
2026,Aリーグ,ファイナル,5,ブ茶ラティ,最強位ズ,1,55.5,55.5,1.00,"35,500点",6,"35,500点",1,0,0,0,100.0%,5,100.0%,9,5,,,,,,P0171
2026,Aリーグ,ファイナル,6,松崎真也,SILVER WOLVES,1,55.2,55.2,1.00,"35,200点",7,"35,200点",1,0,0,0,100.0%,6,100.0%,10,6,,,,,,P0276
2026,Aリーグ,ファイナル,7,ダイゴ＠LA,最強位ズ,1,49.3,49.3,1.00,"29,300点",12,"29,300点",1,0,0,0,100.0%,7,100.0%,11,7,,,,,,P0397
2026,Aリーグ,ファイナル,8,Mychemi,MJ東京,2,25.7,12.9,2.00,"32,100点",9,"13,600点",1,0,1,0,50.0%,8,100.0%,1,8,,,,,,P0044
2026,Aリーグ,ファイナル,9,EmperorTime,電光石火,1,14.4,14.4,2.00,"34,400点",8,"34,400点",0,1,0,0,0.0%,14,100.0%,12,9,,,,,,P0024
2026,Aリーグ,ファイナル,10,k-k,電光石火,2,13.5,6.8,2.00,"27,900点",13,"25,600点",0,2,0,0,0.0%,9,100.0%,2,22,,,,,,P0034
2026,Aリーグ,ファイナル,11,店長倍損の上司,SILVER WOLVES,1,9.7,9.7,2.00,"29,700点",10,"29,700点",0,1,0,0,0.0%,15,100.0%,13,10,,,,,,P0302
2026,Aリーグ,ファイナル,12,阿賀寿直,SILVER WOLVES,1,6.6,6.6,2.00,"26,600点",14,"26,600点",0,1,0,0,0.0%,16,100.0%,14,11,,,,,,P0228
2026,Aリーグ,ファイナル,13,けっけ,電光石火,1,6.4,6.4,2.00,"26,400点",15,"26,400点",0,1,0,0,0.0%,17,100.0%,15,12,,,,,,P0102
2026,Aリーグ,ファイナル,14,魔王,電光石火,2,-1.6,-0.8,2.50,"40,600点",4,"17,800点",0,1,1,0,0.0%,10,100.0%,3,23,,,,,,P0312
2026,Aリーグ,ファイナル,15,どっち？弾平,電光石火,2,-12.2,-6.1,2.50,"29,400点",11,"18,400点",0,1,1,0,0.0%,11,100.0%,4,24,,,,,,P0143
2026,Aリーグ,ファイナル,16,田口淳之介,SILVER WOLVES,1,-15,-15,3.00,"25,000点",16,"25,000点",0,0,1,0,0.0%,18,100.0%,16,13,,,,,,P0303
2026,Aリーグ,ファイナル,17,橋本るり子,SILVER WOLVES,1,-19.8,-19.8,3.00,"20,200点",17,"20,200点",0,0,1,0,0.0%,19,100.0%,17,14,,,,,,P0249
2026,Aリーグ,ファイナル,18,Hiromu,最強位ズ,1,-20.4,-20.4,3.00,"19,600点",19,"19,600点",0,0,1,0,0.0%,20,100.0%,18,15,,,,,,P0030
2026,Aリーグ,ファイナル,19,J,MJ東京,1,-20.8,-20.8,3.00,"19,200点",21,"19,200点",0,0,1,0,0.0%,21,100.0%,19,16,,,,,,P0032
2026,Aリーグ,ファイナル,20,チン☆パラ,MJ東京,1,-27,-27,3.00,"13,000点",23,"13,000点",0,0,1,0,0.0%,22,100.0%,20,17,,,,,,P0136
2026,Aリーグ,ファイナル,21,ｒｒｒｒｒｒ,最強位ズ,1,-44.7,-44.7,4.00,"15,300点",22,"15,300点",0,0,0,1,0.0%,23,0.0%,23,18,,,,,,P0053
2026,Aリーグ,ファイナル,22,リョータ,最強位ズ,1,-48.8,-48.8,4.00,"11,200点",24,"11,200点",0,0,0,1,0.0%,24,0.0%,24,19,,,,,,P0217
2026,Aリーグ,ファイナル,23,まーくん RMU,SILVER WOLVES,1,-48.9,-48.9,4.00,"11,100点",25,"11,100点",0,0,0,1,0.0%,25,0.0%,25,20,,,,,,P0184
2026,Aリーグ,ファイナル,24,上野あいみ,SILVER WOLVES,1,-55.3,-55.3,4.00,"4,700点",26,"4,700点",0,0,0,1,0.0%,26,0.0%,26,21,,,,,,P0279
2026,Aリーグ,ファイナル,25,aimoni,MJ東京,2,-84.3,-42.2,4.00,"19,300点",20,"16,400点",0,0,0,2,0.0%,12,0.0%,21,25,,,,,,P0015
2026,Aリーグ,ファイナル,26,ねこます,最強位ズ,2,-90.4,-45.2,4.00,"19,800点",18,"9,800点",0,0,0,2,0.0%,13,0.0%,22,26,,,,,,P0155
2026,Aリーグ,レギュラー,1,どっち？弾平,電光石火,11,331.9,30.2,1.73,"58,900点",18,"5,100点",6,3,1,1,54.5%,2,90.9%,10,1,1,9,1,16.00,1,P0143
2026,Aリーグ,レギュラー,2,せいたろう,HIVE,13,251.3,19.3,2.00,"47,900点",40,"4,300点",5,5,1,2,38.5%,16,84.6%,28,5,2,27,5,37.00,15,P0122
2026,Aリーグ,レギュラー,2,年賀状,武装,7,251.3,35.9,1.57,"45,800点",45,"31,900点",3,4,0,0,42.9%,9,100.0%,8,11,3,8,11,42.00,8,P0307
2026,Aリーグ,レギュラー,4,魔王,電光石火,14,224,16,2.21,"58,000点",21,"15,500点",6,2,3,3,42.9%,8,78.6%,33,3,4,32,3,19.00,7,P0312
2026,Aリーグ,レギュラー,5,まびたん,最強位ズ,11,220.1,20,2.00,"54,900点",25,"10,300点",4,4,2,1,36.4%,25,90.9%,11,10,5,10,10,23.00,24,P0187
2026,Aリーグ,レギュラー,6,えんがわ,MJ東京,10,217.1,21.7,2.10,"77,100点",3,"1,600点",4,3,1,2,40.0%,15,80.0%,30,9,6,29,9,2.00,14,P0078
2026,Aリーグ,レギュラー,7,サンタマルコ,ＺＯＯ,13,211.2,16.2,2.08,"67,000点",8,"-18,100点",6,3,1,3,46.2%,4,76.9%,44,2,7,43,2,7.00,3,P0110
2026,Aリーグ,レギュラー,8,阿賀寿直,SILVER WOLVES,10,204.5,20.5,2.00,"51,100点",31,"-5,900点",5,2,1,2,50.0%,3,80.0%,31,4,8,30,4,28.00,2,P0228
2026,Aリーグ,レギュラー,9,ポテト吉野,SSブルーバーズ,9,183.1,20.3,2.00,"58,800点",19,"12,500点",3,4,1,1,33.3%,26,88.9%,13,25,9,12,25,17.00,25,P0181
2026,Aリーグ,レギュラー,10,ゆんゆん,武装,8,177.7,22.2,1.88,"44,300点",53,"17,300点",3,3,2,0,37.5%,17,100.0%,5,17,10,5,17,50.00,16,P0210
2026,Aリーグ,レギュラー,11,橋本るり子,SILVER WOLVES,9,167.4,18.6,2.00,"40,200点",68,"11,800点",4,3,0,2,44.4%,5,77.8%,34,6,11,33,6,64.00,4,P0249
2026,Aリーグ,レギュラー,12,松崎真也,SILVER WOLVES,9,161.7,18,2.11,"46,800点",43,"14,500点",4,1,3,1,44.4%,6,88.9%,14,7,12,13,7,40.00,5,P0276
2026,Aリーグ,レギュラー,13,EmperorTime,電光石火,8,145.6,18.2,2.00,"59,200点",16,"12,000点",3,2,3,0,37.5%,18,100.0%,6,18,13,6,18,14.00,17,P0024
2026,Aリーグ,レギュラー,14,おかぴー,MJAC愛好会,9,132.9,14.8,2.11,"49,000点",38,"11,300点",2,4,3,0,22.2%,51,100.0%,2,51,14,2,50,35.00,49,P0079
2026,Aリーグ,レギュラー,15,上野あいみ,SILVER WOLVES,8,128.6,16.1,2.00,"46,600点",44,"7,000点",3,3,1,1,37.5%,19,87.5%,16,19,15,15,19,41.00,18,P0279
2026,Aリーグ,レギュラー,16,銀河,enjoyすればイイ雀！,8,125.9,15.7,2.13,"58,000点",21,"11,000点",3,2,2,1,37.5%,20,87.5%,17,20,16,16,20,20.00,19,P0253
2026,Aリーグ,レギュラー,17,くまさぶろー,レッドリボン軍,8,125.2,15.7,2.25,"62,400点",11,"10,200点",3,1,3,1,37.5%,21,87.5%,18,21,17,17,21,10.00,20,P0100
2026,Aリーグ,レギュラー,18,ロンリーボーイ,MJAC愛好会,7,123.2,17.6,2.14,"74,900点",4,"13,900点",3,1,2,1,42.9%,10,85.7%,21,12,18,20,12,3.00,9,P0224
2026,Aリーグ,レギュラー,19,亜空間コツボー,MJAC愛好会,7,121,17.3,2.00,"40,000点",71,"9,700点",3,2,1,1,42.9%,11,85.7%,22,13,19,21,13,66.00,10,P0227
2026,Aリーグ,レギュラー,20,赤哲,武装,8,102.7,12.8,2.25,"49,500点",36,"7,400点",3,2,1,2,37.5%,22,75.0%,45,22,20,44,22,33.00,21,P0288
2026,Aリーグ,レギュラー,21,Hiromu,最強位ズ,9,101.8,11.3,2.11,"52,500点",29,"17,700点",2,4,3,0,22.2%,52,100.0%,3,52,21,3,51,26.00,50,P0030
2026,Aリーグ,レギュラー,22,きめっち,SSブルーバーズ,7,90.1,12.9,2.14,"44,700点",49,"15,300点",2,3,1,1,28.6%,32,85.7%,23,34,22,22,33,46.00,30,P0095
2026,Aリーグ,レギュラー,23,リョータ,最強位ズ,9,80.3,8.9,2.33,"50,900点",32,"15,900点",3,2,2,2,33.3%,27,77.8%,35,26,23,34,26,29.00,26,P0217
2026,Aリーグ,レギュラー,24,J,MJ東京,9,80,8.9,2.33,"48,300点",39,"8,500点",3,2,2,2,33.3%,28,77.8%,36,27,24,35,27,36.00,27,P0032
2026,Aリーグ,レギュラー,25,一之瀬 優,HIVE,3,78.2,26.1,2.00,"54,500点",27,"6,700点",2,0,0,1,66.7%,1,66.7%,76,33,,,,,,P0230
2026,Aリーグ,レギュラー,25,戯言遣い,ＺＯＯ,7,78.2,11.2,2.43,"85,000点",1,"15,200点",2,1,3,1,28.6%,33,85.7%,24,35,25,23,34,1.00,31,P0242
2026,Aリーグ,レギュラー,27,Mychemi,MJ東京,11,77.8,7.1,2.27,"64,300点",10,"-8,800点",3,3,4,1,27.3%,37,90.9%,12,30,26,11,30,9.00,35,P0044
2026,Aリーグ,レギュラー,28,けっけ,電光石火,10,75,7.5,2.20,"43,000点",58,"5,900点",2,4,4,0,20.0%,62,100.0%,1,61,27,1,60,55.00,60,P0102
2026,Aリーグ,レギュラー,29,JILL,たちこまーず,7,69.2,9.9,2.29,"45,800点",45,-700点,3,1,1,2,42.9%,12,71.4%,57,14,28,56,14,43.00,11,P0033
2026,Aリーグ,レギュラー,30,しんじゃうツモ,武装,8,65.3,8.2,2.13,"38,200点",77,"14,300点",2,3,3,0,25.0%,39,100.0%,7,39,29,7,38,72.00,37,P0119
2026,Aリーグ,レギュラー,31,ブ茶ラティ,最強位ズ,9,55.5,6.2,2.22,"39,500点",73,"9,100点",2,4,2,1,22.2%,53,88.9%,15,53,30,14,52,68.00,51,P0171
2026,Aリーグ,レギュラー,32,aimoni,MJ東京,9,46.1,5.1,2.44,"54,300点",28,-600点,3,1,3,2,33.3%,29,77.8%,37,28,31,36,28,25.00,28,P0015
2026,Aリーグ,レギュラー,33,店長倍損の上司,SILVER WOLVES,7,40.6,5.8,2.43,"59,400点",13,"-16,700点",3,0,2,2,42.9%,13,71.4%,58,15,32,57,15,11.00,12,P0302
2026,Aリーグ,レギュラー,34,郷 ひろし,HIVE,11,40.1,3.6,2.45,"59,400点",13,"3,500点",3,2,4,2,27.3%,38,81.8%,29,31,33,28,31,12.00,36,P0250
2026,Aリーグ,レギュラー,35,坊や哲,たちこまーず,8,38.7,4.8,2.50,"73,900点",5,"10,700点",2,3,0,3,25.0%,40,62.5%,78,40,34,74,39,4.00,38,P0310
2026,Aリーグ,レギュラー,36,ｒｒｒｒｒｒ,最強位ズ,9,35.7,4,2.44,"49,800点",34,"1,500点",3,1,3,2,33.3%,30,77.8%,38,29,35,37,29,31.00,29,P0053
2026,Aリーグ,レギュラー,37,べびたん,enjoyすればイイ雀！,8,34.2,4.3,2.38,"40,100点",69,"-9,300点",3,1,2,2,37.5%,23,75.0%,46,23,36,45,23,65.00,22,P0173
2026,Aリーグ,レギュラー,38,かじ,レッドリボン軍,7,32,4.6,2.29,"45,200点",47,"-19,400点",3,0,3,1,42.9%,14,85.7%,25,16,37,24,16,44.00,13,P0090
2026,Aリーグ,レギュラー,39,ミズゴロウ♂,たちこまーず,7,28.1,4,2.43,"50,800点",33,"3,800点",1,4,0,2,14.3%,72,71.4%,59,72,38,58,63,30.00,63,P0193
2026,Aリーグ,レギュラー,40,田口淳之介,SILVER WOLVES,8,27.8,3.5,2.38,"44,300点",53,"-1,300点",2,3,1,2,25.0%,41,75.0%,47,41,39,46,40,51.00,39,P0303
2026,Aリーグ,レギュラー,41,k-k,電光石火,9,27.2,3,2.33,"49,500点",36,-200点,2,4,1,2,22.2%,54,77.8%,39,54,40,38,53,34.00,52,P0034
2026,Aリーグ,レギュラー,42,ぼうや@HIVE,HIVE,9,23.4,2.6,2.44,"41,000点",66,-300点,4,0,2,3,44.4%,7,66.7%,70,8,41,69,8,63.00,6,P0178
2026,Aリーグ,レギュラー,43,シクラメン富男,たちこまーず,8,14.1,1.8,2.38,"43,200点",57,"7,200点",3,2,0,3,37.5%,24,62.5%,79,24,42,75,24,54.00,23,P0113
2026,Aリーグ,レギュラー,44,とと,レッドリボン軍,9,14,1.6,2.44,"69,700点",7,"-7,500点",2,3,2,2,22.2%,55,77.8%,40,55,43,39,54,6.00,53,P0144
2026,Aリーグ,レギュラー,45,ダイゴ＠LA,最強位ズ,9,11.6,1.3,2.44,"42,900点",59,"16,800点",1,3,5,0,11.1%,83,100.0%,4,83,44,4,74,56.00,74,P0397
2026,Aリーグ,レギュラー,46,チン☆パラ,MJ東京,3,11.3,3.8,2.33,"37,900点",81,"10,700点",1,1,0,1,33.3%,31,66.7%,77,64,,,,,,P0136
2026,Aリーグ,レギュラー,47,みや,enjoyすればイイ雀！,9,10.3,1.1,2.56,"59,000点",17,"-3,900点",2,2,3,2,22.2%,56,77.8%,41,56,45,40,55,15.00,54,P0195
2026,Aリーグ,レギュラー,48,石田亮太,SSブルーバーズ,8,7.5,0.9,2.50,"56,000点",24,"9,900点",2,1,4,1,25.0%,42,87.5%,19,42,46,18,41,22.00,40,P0287
2026,Aリーグ,レギュラー,49,湾奥アングラー,MJAC愛好会,8,1.4,0.2,2.50,"58,200点",20,"-8,000点",2,2,2,2,25.0%,43,75.0%,48,43,47,47,42,18.00,41,P0323
2026,Aリーグ,レギュラー,50,小倉唯,レッドリボン軍,6,-9.9,-1.7,2.67,"59,500点",12,"12,300点",1,2,1,2,16.7%,69,66.7%,75,69,,,,,,P0273
2026,Aリーグ,レギュラー,51,葛餅,MJ東京,8,-15.1,-1.9,2.50,"44,600点",50,"7,300点",2,1,4,1,25.0%,44,87.5%,20,44,48,19,43,47.00,42,P0240
2026,Aリーグ,レギュラー,52,鈴木正道,SSブルーバーズ,8,-17.2,-2.2,2.75,"51,500点",30,"14,100点",2,1,2,3,25.0%,45,62.5%,80,45,49,76,44,27.00,43,P0321
2026,Aリーグ,レギュラー,53,すー,ＺＯＯ,11,-19.1,-1.7,2.64,"70,300点",6,"-7,200点",2,3,3,3,18.2%,68,72.7%,54,63,50,53,62,5.00,62,P0121
2026,Aリーグ,レギュラー,54,フィクション,武装,7,-23,-3.3,2.57,"43,900点",56,"6,800点",1,2,3,1,14.3%,73,85.7%,26,73,51,25,64,53.00,64,P0165
2026,Aリーグ,レギュラー,55,よつば@tobi,たちこまーず,7,-25.4,-3.6,2.43,"38,200点",77,"12,500点",1,3,2,1,14.3%,74,85.7%,27,74,52,26,65,73.00,65,P0211
2026,Aリーグ,レギュラー,56,ロッキンポ,MJAC愛好会,7,-27.3,-3.9,2.71,"49,800点",34,"-3,100点",2,1,1,3,28.6%,34,57.1%,83,36,53,77,35,32.00,32,P0223
2026,Aリーグ,レギュラー,57,カオス,レッドリボン軍,3,-34.2,-11.4,2.67,"35,900点",86,"3,700点",0,1,2,0,0.0%,96,100.0%,9,89,,,,,,P0089
2026,Aリーグ,レギュラー,58,なおすけ,レッドリボン軍,7,-35,-5,2.71,"59,300点",15,"12,000点",1,2,2,2,14.3%,75,71.4%,60,75,54,59,66,13.00,66,P0150
2026,Aリーグ,レギュラー,59,Blush,enjoyすればイイ雀！,8,-45.6,-5.7,2.63,"38,100点",80,"11,100点",2,1,3,2,25.0%,46,75.0%,49,46,55,48,45,74.00,44,P0019
2026,Aリーグ,レギュラー,60,ご飯にバター,ＺＯＯ,14,-46.8,-3.3,2.57,"57,800点",23,"-2,800点",3,4,3,4,21.4%,61,71.4%,56,32,56,55,32,21.00,59,P0106
2026,Aリーグ,レギュラー,61,Bu Ki Chi,ＺＯＯ,8,-47.9,-6,2.75,"65,400点",9,"-5,300点",2,2,0,4,25.0%,47,50.0%,88,47,57,82,46,8.00,45,P0020
2026,Aリーグ,レギュラー,62,ブロッケンG,enjoyすればイイ雀！,8,-50.7,-6.3,2.75,"38,800点",76,300点,2,0,4,2,25.0%,48,75.0%,50,48,58,49,47,71.00,46,P0170
2026,Aリーグ,レギュラー,63,まぽぽ,たちこまーず,7,-51.8,-7.4,2.71,"39,900点",72,"4,600点",2,0,3,2,28.6%,35,71.4%,61,37,59,60,36,67.00,33,P0188
2026,Aリーグ,レギュラー,64,ななね,MJ東京,2,-52.3,-26.2,3.00,"28,700点",96,"-1,000点",0,1,0,1,0.0%,99,50.0%,91,87,,,,,,P0152
2026,Aリーグ,レギュラー,65,カルア,HIVE,9,-54,-6,2.67,"41,600点",64,"7,200点",2,2,2,3,22.2%,57,66.7%,71,57,60,70,56,61.00,55,P0093
2026,Aリーグ,レギュラー,66,レッド総帥,レッドリボン軍,8,-54.9,-6.9,2.63,"41,900点",62,"8,200点",2,1,3,2,25.0%,49,75.0%,51,49,61,50,48,59.00,47,P0221
2026,Aリーグ,レギュラー,67,キラ、,MJ東京,9,-56.8,-6.3,2.67,"42,900点",59,"11,100点",0,5,2,2,0.0%,87,77.8%,42,99,62,41,85,57.00,78,P0096
2026,Aリーグ,レギュラー,68,じゅねこ,enjoyすればイイ雀！,9,-57.9,-6.4,2.67,"42,900点",59,"5,000点",2,1,4,2,22.2%,58,77.8%,43,58,63,42,57,58.00,56,P0116
2026,Aリーグ,レギュラー,69,キレそう,MJ東京,5,-59.5,-11.9,2.80,"34,300点",88,"7,100点",1,1,1,2,20.0%,64,60.0%,81,65,,,,,,P0097
2026,Aリーグ,レギュラー,70,B地区,レッドリボン軍,5,-60.3,-12.1,2.80,"38,200点",77,"-2,200点",1,1,1,2,20.0%,65,60.0%,82,66,,,,,,P0021
2026,Aリーグ,レギュラー,71,ベヘリット,レッドリボン軍,6,-63.2,-10.5,3.00,"78,700点",2,"-2,100点",1,1,1,3,16.7%,70,50.0%,90,70,,,,,,P0174
2026,Aリーグ,レギュラー,72,ひろとだポン,電光石火,9,-66,-7.3,2.67,"36,300点",84,"-4,900点",2,2,2,3,22.2%,59,66.7%,72,59,64,71,58,77.00,57,P0163
2026,Aリーグ,レギュラー,73,石川安牌,SILVER WOLVES,7,-72.5,-10.4,2.71,"36,200点",85,"5,300点",0,4,1,2,0.0%,89,71.4%,62,92,65,61,78,78.00,80,P0284
2026,Aリーグ,レギュラー,74,乙子,武装,5,-73,-14.6,3.00,"33,400点",90,"7,100点",1,1,0,3,20.0%,66,40.0%,95,67,,,,,,P0236
2026,Aリーグ,レギュラー,75,たちこま,たちこまーず,9,-81.9,-9.1,2.67,"36,700点",82,"-12,900点",2,2,2,3,22.2%,60,66.7%,73,60,66,72,59,75.00,58,P0134
2026,Aリーグ,レギュラー,76,ねこます,最強位ズ,10,-82,-8.2,2.60,"39,000点",74,"-17,400点",2,2,4,2,20.0%,63,80.0%,32,62,67,31,61,69.00,61,P0155
2026,Aリーグ,レギュラー,77,はち,たちこまーず,7,-84.5,-12.1,2.71,"32,900点",91,"1,400点",1,2,2,2,14.3%,76,71.4%,63,76,68,62,67,81.00,67,P0157
2026,Aリーグ,レギュラー,78,どうみき,SSブルーバーズ,5,-85,-17,3.00,"40,100点",69,"7,200点",1,1,0,3,20.0%,67,40.0%,96,68,,,,,,P0141
2026,Aリーグ,レギュラー,79,サヴェ松田,SSブルーバーズ,7,-91.9,-13.1,2.71,"44,600点",50,"-13,600点",2,1,1,3,28.6%,36,57.1%,84,38,69,78,37,48.00,34,P0108
2026,Aリーグ,レギュラー,80,打撃系ヤルカツ,MJAC愛好会,7,-94.4,-13.5,2.71,"27,900点",97,"4,500点",1,2,2,2,14.3%,77,71.4%,64,77,70,63,68,86.00,68,P0295
2026,Aリーグ,レギュラー,81,アベキング,武装,8,-95.4,-11.9,2.75,"46,900点",42,"-4,000点",1,2,3,2,12.5%,80,75.0%,52,80,71,51,71,39.00,71,P0070
2026,Aリーグ,レギュラー,82,冬のミルク,MJAC愛好会,7,-111.3,-15.9,2.86,"31,500点",92,"12,700点",0,3,2,2,0.0%,90,71.4%,65,93,72,64,79,82.00,81,P0304
2026,Aリーグ,レギュラー,83,フミオ,電光石火,2,-114.2,-57.1,3.50,"5,400点",100,"-19,600点",0,0,1,1,0.0%,100,50.0%,92,88,,,,,,P0168
2026,Aリーグ,レギュラー,84,つかぴー,MJAC愛好会,7,-127.2,-18.2,2.86,"29,300点",95,"9,200点",0,3,2,2,0.0%,91,71.4%,66,94,73,65,80,85.00,82,P0137
2026,Aリーグ,レギュラー,85,まーくん RMU,SILVER WOLVES,8,-129.6,-16.2,2.88,"44,800点",48,"5,200点",1,1,4,2,12.5%,81,75.0%,53,81,74,52,72,45.00,72,P0184
2026,Aリーグ,レギュラー,86,rinruka,ＺＯＯ,10,-132.3,-13.2,2.90,"54,900点",25,"8,400点",1,2,4,3,10.0%,84,70.0%,69,84,75,68,75,24.00,75,P0052
2026,Aリーグ,レギュラー,87,梁瀬健太郎,レッドリボン軍,7,-140.3,-20,3.00,"44,600点",50,"1,100点",0,2,3,2,0.0%,92,71.4%,67,95,76,66,81,49.00,83,P0319
2026,Aリーグ,レギュラー,88,教室生 ユウ,MJAC愛好会,7,-144.2,-20.6,3.00,"41,600点",64,"-3,800点",1,2,0,4,14.3%,78,42.9%,93,78,77,84,69,62.00,69,P0248
2026,Aリーグ,レギュラー,89,0rb 01,ＺＯＯ,3,-144.9,-48.3,3.67,"22,300点",98,"-12,200点",0,0,1,2,0.0%,97,33.3%,99,90,,,,,,P0012
2026,Aリーグ,レギュラー,90,ミッキー柳井,電光石火,3,-147.2,-49.1,3.67,"20,800点",99,"-21,100点",0,0,1,2,0.0%,98,33.3%,100,91,,,,,,P0194
2026,Aリーグ,レギュラー,91,とむとむ,武装,8,-162.5,-20.3,3.00,"36,500点",83,200点,2,0,2,4,25.0%,50,50.0%,89,50,78,83,49,76.00,48,P0146
2026,Aリーグ,レギュラー,92,せなmam@,enjoyすればイイ雀！,9,-167.1,-18.6,3.00,"41,900点",62,"1,600点",0,3,3,3,0.0%,88,66.7%,74,100,79,73,86,60.00,79,P0124
2026,Aリーグ,レギュラー,93,おむ,SSブルーバーズ,7,-178.4,-25.5,3.14,"31,300点",93,"-1,200点",0,1,4,2,0.0%,93,71.4%,68,96,80,67,82,83.00,84,P0086
2026,Aリーグ,レギュラー,94,おしゃる,たちこまーず,6,-181.2,-30.2,3.33,"41,000点",66,"-12,500点",1,0,1,4,16.7%,71,33.3%,98,71,,,,,,P0082
2026,Aリーグ,レギュラー,95,Hara,SSブルーバーズ,8,-183,-22.9,3.13,"47,300点",41,"-9,000点",1,2,0,5,12.5%,82,37.5%,97,82,81,86,73,38.00,73,P0029
2026,Aリーグ,レギュラー,96,ツナマヨ,武装,7,-199.1,-28.4,3.00,"33,900点",89,"-7,600点",0,3,1,3,0.0%,94,57.1%,85,97,82,79,83,80.00,85,P0138
2026,Aリーグ,レギュラー,97,ハナノア,SSブルーバーズ,7,-221.5,-31.6,3.29,"44,100点",55,"-19,000点",1,0,2,4,14.3%,79,42.9%,94,79,83,85,70,52.00,70,P0158
2026,Aリーグ,レギュラー,98,ぽこぽこぽこり,HIVE,11,-225.3,-20.5,2.91,"38,900点",75,"-26,700点",1,2,5,3,9.1%,86,72.7%,55,86,84,54,77,70.00,77,P0179
2026,Aリーグ,レギュラー,99,かに,enjoyすればイイ雀！,7,-226.5,-32.4,3.14,"31,300点",93,"-10,900点",0,2,2,3,0.0%,95,57.1%,86,98,85,80,84,84.00,86,P0091
2026,Aリーグ,レギュラー,100,最後のZ戦士達,HIVE,10,-231.6,-23.2,3.10,"34,400点",87,"3,300点",1,2,2,5,10.0%,85,50.0%,87,85,86,81,76,79.00,76,P0261
2026,Bリーグ,セミファイナル,1,サブ垢先輩,Brave Revengers,3,150.2,50.1,1.33,"52,100点",9,"35,700点",2,1,0,0,66.7%,1,100.0%,6,1,,,,,,P0109
2026,Bリーグ,セミファイナル,2,しげぞー,チートイズ,4,149.6,37.4,1.75,"80,500点",1,"23,800点",2,1,1,0,50.0%,4,100.0%,1,4,,,,,,P0114
2026,Bリーグ,セミファイナル,3,青ヒゲ危機一髪,教室生☆KSC,4,128.6,32.2,1.75,"53,800点",7,"27,800点",2,1,1,0,50.0%,5,100.0%,2,5,,,,,,P0283
2026,Bリーグ,セミファイナル,4,☆魔雀T塾生☆,教室生☆KSC,4,118.6,29.7,1.75,"51,500点",10,"20,400点",2,1,1,0,50.0%,6,100.0%,3,6,,,,,,P0010
2026,Bリーグ,セミファイナル,5,黙示録@SMY会,さわやかMJ野郎の会,3,118.2,39.4,1.67,"61,300点",4,"18,100点",2,0,1,0,66.7%,2,100.0%,7,2,,,,,,P0316
2026,Bリーグ,セミファイナル,6,小林宏康,Team MJ lovers,4,54.3,13.6,2.25,"46,000点",14,"11,200点",2,0,1,1,50.0%,7,75.0%,21,7,,,,,,P0275
2026,Bリーグ,セミファイナル,7,羽田暁音,おたまーず,5,52.5,10.5,2.20,"34,400点",24,"18,100点",2,1,1,1,40.0%,12,80.0%,20,9,,,,,,P0232
2026,Bリーグ,セミファイナル,8,りきまーる,Brave Revengers,3,47.7,15.9,2.00,"70,800点",2,"-38,600点",2,0,0,1,66.7%,3,66.7%,25,3,,,,,,P0214
2026,Bリーグ,セミファイナル,9,ゆっしー@,Team MJ lovers,3,42.1,14,2.33,"58,000点",5,"19,000点",1,1,0,1,33.3%,13,66.7%,26,13,,,,,,P0207
2026,Bリーグ,セミファイナル,10,エイデン二号機,おたまーず,4,41.4,10.4,2.25,"36,600点",22,"21,100点",1,1,2,0,25.0%,19,100.0%,4,19,,,,,,P0075
2026,Bリーグ,セミファイナル,11,喜多剛士@μ,Team MJ lovers,3,34.5,11.5,2.33,"46,700点",13,"14,700点",1,1,0,1,33.3%,14,66.7%,27,14,,,,,,P0241
2026,Bリーグ,セミファイナル,12,樹央,おたまーず,4,33.7,8.4,2.25,"48,000点",12,"-13,100点",2,0,1,1,50.0%,8,75.0%,22,8,,,,,,P0268
2026,Bリーグ,セミファイナル,13,りゅー,Brave Revengers,3,22.9,7.6,2.67,"70,100点",3,"12,900点",1,0,1,1,33.3%,15,66.7%,28,15,,,,,,P0215
2026,Bリーグ,セミファイナル,14,溝渕智也,Team MJ lovers,2,20.9,10.5,2.00,"30,800点",29,"30,100点",0,2,0,0,0.0%,30,100.0%,9,29,,,,,,P0259
2026,Bリーグ,セミファイナル,15,公務員麻雀M,チートイズ,3,20.1,6.7,2.33,"50,100点",11,"6,600点",1,1,0,1,33.3%,16,66.7%,29,16,,,,,,P0258
2026,Bリーグ,セミファイナル,16,仇森龍,Brave Revengers,2,19.3,9.7,2.00,"33,900点",25,"5,400点",1,0,1,0,50.0%,9,100.0%,10,10,,,,,,P0246
2026,Bリーグ,セミファイナル,17,パイ乙戦士全ツ,さわやかMJ野郎の会,3,18.8,6.3,2.33,"43,300点",16,"16,400点",1,0,2,0,33.3%,17,100.0%,8,17,,,,,,P0156
2026,Bリーグ,セミファイナル,18,鰤トニー,おたまーず,4,15.5,3.9,2.50,"44,600点",15,"11,900点",1,1,1,1,25.0%,20,75.0%,23,20,,,,,,P0326
2026,Bリーグ,セミファイナル,19,海賊王,さわやかMJ野郎の会,1,13.6,13.6,2.00,"33,600点",26,"33,600点",0,1,0,0,0.0%,37,100.0%,13,22,,,,,,P0238
2026,Bリーグ,セミファイナル,20,元教室生タク,教室生☆KSC,2,7.7,3.9,2.50,"40,700点",17,"27,000点",0,1,1,0,0.0%,31,100.0%,11,30,,,,,,P0255
2026,Bリーグ,セミファイナル,21,★月刃★,さわやかMJ野郎の会,1,2.9,2.9,2.00,"22,900点",34,"22,900点",0,1,0,0,0.0%,38,100.0%,14,23,,,,,,P0006
2026,Bリーグ,セミファイナル,22,中出雄介,Team MJ lovers,1,1.2,1.2,2.00,"21,200点",36,"21,200点",0,1,0,0,0.0%,39,100.0%,15,24,,,,,,P0298
2026,Bリーグ,セミファイナル,23,μゆぅちゃん,Team MJ lovers,1,-10.7,-10.7,3.00,"29,300点",30,"29,300点",0,0,1,0,0.0%,40,100.0%,16,25,,,,,,P0327
2026,Bリーグ,セミファイナル,23,はなびん,さわやかMJ野郎の会,2,-10.7,-5.3,2.50,"55,400点",6,"-26,100点",1,0,0,1,50.0%,10,50.0%,35,11,,,,,,P0159
2026,Bリーグ,セミファイナル,25,だーはら,Brave Revengers,1,-14,-14,3.00,"26,000点",32,"26,000点",0,0,1,0,0.0%,41,100.0%,17,26,,,,,,P0129
2026,Bリーグ,セミファイナル,26,ソニア@SMY会,さわやかMJ野郎の会,2,-14.4,-7.2,2.50,"38,100点",20,"-12,500点",1,0,0,1,50.0%,11,50.0%,36,12,,,,,,P0127
2026,Bリーグ,セミファイナル,27,悠紀子,教室生☆KSC,4,-22.9,-5.7,2.50,"29,200点",31,"17,300点",0,3,0,1,0.0%,23,75.0%,24,41,,,,,,P0002
2026,Bリーグ,セミファイナル,28,くれば,おたまーず,3,-24.8,-8.3,2.67,"53,300点",8,"-11,900点",0,2,0,1,0.0%,25,66.7%,30,36,,,,,,P0101
2026,Bリーグ,セミファイナル,29,だてまきたまご,さわやかMJ野郎の会,1,-26.4,-26.4,3.00,"13,600点",42,"13,600点",0,0,1,0,0.0%,42,100.0%,18,27,,,,,,P0135
2026,Bリーグ,セミファイナル,30,あすてる,チートイズ,3,-29.9,-10,2.67,"31,600点",27,"9,100点",0,2,0,1,0.0%,26,66.7%,31,37,,,,,,P0067
2026,Bリーグ,セミファイナル,31,黒太郎@SMY会,さわやかMJ野郎の会,3,-30.5,-10.2,2.67,"38,000点",21,"-1,100点",1,0,1,1,33.3%,18,66.7%,32,18,,,,,,P0260
2026,Bリーグ,セミファイナル,32,Anmi,教室生☆KSC,4,-37.7,-9.4,2.75,"34,800点",23,"21,100点",0,1,3,0,0.0%,24,100.0%,5,42,,,,,,P0016
2026,Bリーグ,セミファイナル,33,じんぱぱ,チートイズ,1,-40,-40,4.00,"20,000点",38,"20,000点",0,0,0,1,0.0%,43,0.0%,43,28,,,,,,P0120
2026,Bリーグ,セミファイナル,34,ysk,Team MJ lovers,6,-42,-7,2.50,"40,200点",18,"3,100点",0,4,1,1,0.0%,22,83.3%,19,43,,,,,,P0065
2026,Bリーグ,セミファイナル,35,Blue-K18,さわやかMJ野郎の会,2,-43.4,-21.7,3.00,"22,200点",35,"14,400点",0,0,2,0,0.0%,32,100.0%,12,31,,,,,,P0018
2026,Bリーグ,セミファイナル,36,つよ,さわやかMJ野郎の会,2,-67.2,-33.6,3.50,"20,200点",37,"12,600点",0,0,1,1,0.0%,33,50.0%,37,32,,,,,,P0139
2026,Bリーグ,セミファイナル,37,dia,チートイズ,3,-67.3,-22.4,3.00,"38,200点",19,"-3,900点",0,1,1,1,0.0%,27,66.7%,33,38,,,,,,P0023
2026,Bリーグ,セミファイナル,38,おさやスイープ,チートイズ,2,-72,-36,3.50,"18,400点",40,"9,600点",0,0,1,1,0.0%,34,50.0%,38,33,,,,,,P0081
2026,Bリーグ,セミファイナル,39,014のりたま,チートイズ,4,-91.5,-22.9,2.75,"31,500点",28,"-21,800点",1,1,0,2,25.0%,21,50.0%,34,21,,,,,,P0011
2026,Bリーグ,セミファイナル,40,Redstar,教室生☆KSC,2,-99.1,-49.6,3.50,"14,900点",41,"-14,000点",0,0,1,1,0.0%,35,50.0%,39,34,,,,,,P0051
2026,Bリーグ,セミファイナル,41,みり,Brave Revengers,2,-112.7,-56.4,4.00,"7,700点",43,-400点,0,0,0,2,0.0%,36,0.0%,42,35,,,,,,P0196
2026,Bリーグ,セミファイナル,42,ペン,Brave Revengers,3,-117.1,-39,3.67,"24,500点",33,"4,600点",0,0,1,2,0.0%,28,33.3%,40,39,,,,,,P0175
2026,Bリーグ,セミファイナル,43,nesre,Brave Revengers,3,-140,-46.7,4.00,"19,200点",39,"6,000点",0,0,0,3,0.0%,29,0.0%,41,40,,,,,,P0047
2026,Bリーグ,ファイナル,1,喜多剛士@μ,Team MJ lovers,2,120.7,60.4,1.00,"46,300点",2,"34,400点",2,0,0,0,100.0%,1,100.0%,2,1,,,,,,P0241
2026,Bリーグ,ファイナル,2,黒太郎@SMY会,さわやかMJ野郎の会,1,68.1,68.1,1.00,"48,100点",1,"48,100点",1,0,0,0,100.0%,2,100.0%,8,2,,,,,,P0260
2026,Bリーグ,ファイナル,3,元教室生タク,教室生☆KSC,3,54.2,18.1,2.00,"45,300点",3,"23,600点",1,1,1,0,33.3%,7,100.0%,1,7,,,,,,P0255
2026,Bリーグ,ファイナル,4,エイデン二号機,おたまーず,1,52.6,52.6,1.00,"32,600点",9,"32,600点",1,0,0,0,100.0%,3,100.0%,9,3,,,,,,P0075
2026,Bリーグ,ファイナル,5,樹央,おたまーず,2,47.3,23.7,2.00,"40,600点",5,"26,700点",1,0,1,0,50.0%,4,100.0%,3,4,,,,,,P0268
2026,Bリーグ,ファイナル,6,黙示録@SMY会,さわやかMJ野郎の会,2,44.8,22.4,2.00,"40,900点",4,"23,900点",1,0,1,0,50.0%,5,100.0%,4,5,,,,,,P0316
2026,Bリーグ,ファイナル,7,ゆっしー@,Team MJ lovers,2,37.3,18.7,2.00,"33,900点",7,"23,400点",1,0,1,0,50.0%,6,100.0%,5,6,,,,,,P0207
2026,Bリーグ,ファイナル,8,悠紀子,教室生☆KSC,1,14.3,14.3,2.00,"34,300点",6,"34,300点",0,1,0,0,0.0%,13,100.0%,10,8,,,,,,P0002
2026,Bリーグ,ファイナル,9,鰤トニー,おたまーず,1,7,7,2.00,"27,000点",12,"27,000点",0,1,0,0,0.0%,14,100.0%,11,9,,,,,,P0326
2026,Bリーグ,ファイナル,10,Blue-K18,さわやかMJ野郎の会,1,6.4,6.4,2.00,"26,400点",13,"26,400点",0,1,0,0,0.0%,15,100.0%,12,10,,,,,,P0018
2026,Bリーグ,ファイナル,11,青ヒゲ危機一髪,教室生☆KSC,2,-13.5,-6.8,2.50,"30,700点",11,"15,800点",0,1,1,0,0.0%,8,100.0%,6,17,,,,,,P0283
2026,Bリーグ,ファイナル,12,Redstar,教室生☆KSC,1,-18,-18,3.00,"22,000点",15,"22,000点",0,0,1,0,0.0%,16,100.0%,13,11,,,,,,P0051
2026,Bリーグ,ファイナル,13,羽田暁音,おたまーず,2,-23.3,-11.7,2.50,"22,400点",14,"14,300点",0,1,1,0,0.0%,9,100.0%,7,18,,,,,,P0232
2026,Bリーグ,ファイナル,14,パイ乙戦士全ツ,さわやかMJ野郎の会,1,-23.9,-23.9,3.00,"16,100点",17,"16,100点",0,0,1,0,0.0%,17,100.0%,14,12,,,,,,P0156
2026,Bリーグ,ファイナル,15,くれば,おたまーず,2,-32.6,-16.3,3.00,"31,800点",10,"15,600点",0,1,0,1,0.0%,10,50.0%,15,19,,,,,,P0101
2026,Bリーグ,ファイナル,16,ysk,Team MJ lovers,1,-41.8,-41.8,4.00,"18,200点",16,"18,200点",0,0,0,1,0.0%,18,0.0%,18,13,,,,,,P0065
2026,Bリーグ,ファイナル,17,だてまきたまご,さわやかMJ野郎の会,1,-44.5,-44.5,4.00,"15,500点",18,"15,500点",0,0,0,1,0.0%,19,0.0%,19,14,,,,,,P0135
2026,Bリーグ,ファイナル,18,μゆぅちゃん,Team MJ lovers,2,-44.8,-22.4,3.00,"33,500点",8,"1,700点",0,1,0,1,0.0%,11,50.0%,16,20,,,,,,P0327
2026,Bリーグ,ファイナル,19,溝渕智也,Team MJ lovers,1,-48.4,-48.4,4.00,"11,600点",20,"11,600点",0,0,0,1,0.0%,20,0.0%,20,15,,,,,,P0259
2026,Bリーグ,ファイナル,20,Anmi,教室生☆KSC,1,-55.9,-55.9,4.00,"4,100点",21,"4,100点",0,0,0,1,0.0%,21,0.0%,21,16,,,,,,P0016
2026,Bリーグ,ファイナル,21,ソニア@SMY会,さわやかMJ野郎の会,2,-106,-53,4.00,"12,300点",19,"1,700点",0,0,0,2,0.0%,12,0.0%,17,21,,,,,,P0127
2026,Bリーグ,レギュラー,1,nesre,Brave Revengers,9,413.3,45.9,1.44,"79,300点",1,"4,100点",7,1,0,1,77.8%,2,88.9%,16,1,1,12,1,1.00,1,P0047
2026,Bリーグ,レギュラー,2,フィーレン,Vertice,17,354.9,20.9,1.88,"54,200点",25,"10,500点",7,5,5,0,41.2%,15,100.0%,1,3,2,1,3,22.00,12,P0164
2026,Bリーグ,レギュラー,3,Redstar,教室生☆KSC,12,281.3,23.4,2.00,"60,600点",9,"-16,000点",7,1,1,3,58.3%,4,75.0%,43,2,3,36,2,9.00,2,P0051
2026,Bリーグ,レギュラー,4,はなびん,さわやかMJ野郎の会,5,255.9,51.2,1.20,"55,900点",19,"21,500点",4,1,0,0,80.0%,1,100.0%,7,10,,,,,,P0159
2026,Bリーグ,レギュラー,5,dia,チートイズ,9,253.2,28.1,1.78,"52,200点",31,"20,600点",3,5,1,0,33.3%,24,100.0%,4,26,4,4,24,28.00,21,P0023
2026,Bリーグ,レギュラー,6,小林宏康,Team MJ lovers,12,240.5,20,2.00,"58,100点",13,"18,300点",4,4,4,0,33.3%,22,100.0%,2,15,5,2,14,13.00,19,P0275
2026,Bリーグ,レギュラー,7,まんまる,La vie en Rose,10,238.7,23.9,2.00,"77,800点",2,"12,500点",3,5,1,1,30.0%,30,90.0%,15,28,6,11,26,2.00,26,P0190
2026,Bリーグ,レギュラー,8,喜多剛士@μ,Team MJ lovers,11,231.3,21,1.91,"43,900点",59,"17,300点",5,2,4,0,45.5%,8,100.0%,3,5,7,3,5,54.00,5,P0241
2026,Bリーグ,レギュラー,9,樹央,おたまーず,11,224.3,20.4,1.91,"57,900点",16,"-23,200点",5,3,2,1,45.5%,9,90.9%,13,6,8,9,6,15.00,6,P0268
2026,Bリーグ,レギュラー,10,元教室生タク,教室生☆KSC,11,223.6,20.3,2.00,"54,300点",24,"12,900点",5,2,3,1,45.5%,10,90.9%,14,7,9,10,7,21.00,7,P0255
2026,Bリーグ,レギュラー,11,つよ,さわやかMJ野郎の会,5,211.5,42.3,1.40,"49,300点",41,"28,600点",3,2,0,0,60.0%,3,100.0%,8,20,,,,,,P0139
2026,Bリーグ,レギュラー,12,あすてる,チートイズ,12,172.8,14.4,2.17,"55,800点",20,-700点,3,5,3,1,25.0%,34,91.7%,11,31,10,7,29,18.00,30,P0067
2026,Bリーグ,レギュラー,13,★月刃★,さわやかMJ野郎の会,7,165.5,23.6,2.00,"47,400点",46,"13,600点",4,0,2,1,57.1%,5,85.7%,22,11,11,18,10,42.00,3,P0006
2026,Bリーグ,レギュラー,14,みーやん19,Vertice,13,162.8,12.5,2.31,"74,500点",3,"10,500点",5,1,5,2,38.5%,16,84.6%,27,8,12,23,8,3.00,13,P0192
2026,Bリーグ,レギュラー,15,鰤トニー,おたまーず,11,146.8,13.3,2.18,"61,200点",7,"-1,600点",4,3,2,2,36.4%,20,81.8%,33,13,13,28,12,7.00,17,P0326
2026,Bリーグ,レギュラー,16,海賊王,さわやかMJ野郎の会,8,138,17.3,2.00,"46,600点",48,"23,300点",2,4,2,0,25.0%,36,100.0%,5,38,14,5,35,44.00,32,P0238
2026,Bリーグ,レギュラー,17,しげぞー,チートイズ,13,132.5,10.2,2.23,"52,700点",28,"-9,400点",6,2,1,4,46.2%,7,69.2%,60,4,15,52,4,25.00,4,P0114
2026,Bリーグ,レギュラー,18,３１０７,La vie en Rose,9,126.7,14.1,2.11,"50,900点",36,"5,400点",4,1,3,1,44.4%,11,88.9%,17,12,16,13,11,33.00,8,P0013
2026,Bリーグ,レギュラー,19,ジョーカー,La vie en Rose,7,123,17.6,2.00,"48,300点",43,"2,900点",3,2,1,1,42.9%,12,85.7%,23,21,17,19,19,39.00,9,P0118
2026,Bリーグ,レギュラー,20,神田大行,TEAM AJITO,13,111,8.5,2.31,"72,200点",5,"-9,000点",5,2,3,3,38.5%,17,76.9%,41,9,18,34,9,5.00,14,P0282
2026,Bリーグ,レギュラー,21,shige,IRU,8,105.4,13.2,2.13,"46,200点",50,"20,900点",2,3,3,0,25.0%,37,100.0%,6,39,19,6,36,46.00,33,P0056
2026,Bリーグ,レギュラー,22,蒼,IRU,6,99.4,16.6,2.00,"45,300点",55,"20,800点",2,3,0,1,33.3%,26,83.3%,32,36,,,,,,P0293
2026,Bリーグ,レギュラー,23,悠紀子,教室生☆KSC,11,95.3,8.7,2.36,"58,800点",12,800点,4,2,2,3,36.4%,21,72.7%,50,14,20,42,13,12.00,18,P0002
2026,Bリーグ,レギュラー,24,YOU太郎,他力本願寺,13,85.1,6.5,2.38,"62,100点",6,"-8,700点",4,4,1,4,30.8%,27,69.2%,61,17,21,53,16,6.00,23,P0064
2026,Bリーグ,レギュラー,25,chemi,TEAM AJITO,8,84,10.5,2.25,"40,000点",68,"2,900点",3,2,1,2,37.5%,18,75.0%,45,24,22,38,22,62.00,15,P0022
2026,Bリーグ,レギュラー,26,エイデン二号機,おたまーず,12,81.2,6.8,2.25,"42,900点",61,"-1,700点",4,3,3,2,33.3%,23,83.3%,31,16,23,27,15,56.00,20,P0075
2026,Bリーグ,レギュラー,27,黒太郎@SMY会,さわやかMJ野郎の会,9,70.9,7.9,2.22,"55,000点",22,"-11,800点",3,2,3,1,33.3%,25,88.9%,18,27,24,14,25,19.00,22,P0260
2026,Bリーグ,レギュラー,28,中出雄介,Team MJ lovers,2,65.7,32.9,1.50,"41,900点",63,"23,800点",1,1,0,0,50.0%,6,100.0%,9,53,,,,,,P0298
2026,Bリーグ,レギュラー,29,くれば,おたまーず,13,63.9,4.9,2.46,"58,100点",13,"1,900点",4,3,2,4,30.8%,28,69.2%,62,18,25,54,17,14.00,24,P0101
2026,Bリーグ,レギュラー,30,ペン,Brave Revengers,10,60.1,6,2.40,"48,800点",42,"2,200点",3,3,1,3,30.0%,31,70.0%,58,29,26,50,27,38.00,27,P0175
2026,Bリーグ,レギュラー,31,☆魔雀T塾生☆,教室生☆KSC,13,52.1,4,2.31,"59,200点",10,"-3,300点",3,5,3,2,23.1%,42,84.6%,28,33,27,24,31,10.00,38,P0010
2026,Bリーグ,レギュラー,32,サブ垢先輩,Brave Revengers,8,34,4.3,2.25,"47,000点",47,"1,200点",2,3,2,1,25.0%,38,87.5%,20,40,28,16,37,43.00,34,P0109
2026,Bリーグ,レギュラー,33,青ヒゲ危機一髪,教室生☆KSC,2,32.3,16.2,2.00,"38,000点",73,"34,300点",0,2,0,0,0.0%,89,100.0%,10,79,,,,,,P0283
2026,Bリーグ,レギュラー,34,TOM,TEAM AJITO,10,28.1,2.8,2.30,"43,000点",60,"-8,400点",3,3,2,2,30.0%,32,80.0%,35,30,29,30,28,55.00,28,P0057
2026,Bリーグ,レギュラー,35,猪突猛進男,IRU,13,26,2,2.54,"61,200点",7,"-8,200点",4,3,1,5,30.8%,29,61.5%,71,19,30,62,18,8.00,25,P0299
2026,Bリーグ,レギュラー,36,KGRS,TEAM AJITO,7,25.5,3.6,2.57,"44,500点",57,"9,300点",3,0,1,3,42.9%,13,57.1%,74,22,31,64,20,52.00,10,P0037
2026,Bリーグ,レギュラー,37,まんまるきや,他力本願寺,12,23.5,2,2.50,"52,700点",28,"1,900点",3,3,3,3,25.0%,35,75.0%,44,32,32,37,30,26.00,31,P0191
2026,Bリーグ,レギュラー,38,ソニア@SMY会,さわやかMJ野郎の会,7,17.7,2.5,2.57,"54,600点",23,"-2,500点",3,0,1,3,42.9%,14,57.1%,75,23,33,65,21,20.00,11,P0127
2026,Bリーグ,レギュラー,39,Blue-K18,さわやかMJ野郎の会,7,9,1.3,2.43,"32,900点",80,"17,900点",1,3,2,1,14.3%,57,85.7%,24,57,34,20,50,71.00,50,P0018
2026,Bリーグ,レギュラー,40,みり,Brave Revengers,5,5.6,1.1,2.40,"58,000点",15,"-17,500点",1,2,1,1,20.0%,48,80.0%,37,54,,,,,,P0196
2026,Bリーグ,レギュラー,41,ふとふと,La vie en Rose,9,0.5,0.1,2.44,"50,700点",37,"2,500点",2,3,2,2,22.2%,45,77.8%,39,44,35,32,41,34.00,41,P0167
2026,Bリーグ,レギュラー,42,支援紳士,TEAM AJITO,10,-4.7,-0.5,2.50,"50,400点",39,0点,2,3,3,2,20.0%,47,80.0%,36,46,36,31,43,36.00,43,P0265
2026,Bリーグ,レギュラー,43,なほみん,La vie en Rose,8,-5.9,-0.7,2.38,"36,900点",75,"-20,400点",2,3,1,2,25.0%,39,75.0%,46,41,38,39,38,67.00,35,P0153
2026,Bリーグ,レギュラー,44,Anmi,教室生☆KSC,12,-5.9,-0.5,2.50,"57,800点",18,"8,100点",2,3,6,1,16.7%,53,91.7%,12,49,37,8,46,17.00,46,P0016
2026,Bリーグ,レギュラー,45,だーはら,Brave Revengers,8,-8,-1,2.50,"45,700点",53,"-15,800点",3,1,1,3,37.5%,19,62.5%,69,25,39,60,23,49.00,16,P0129
2026,Bリーグ,レギュラー,46,？？？？？,IRU,13,-15.4,-1.2,2.54,"48,100点",45,"6,500点",3,2,6,2,23.1%,43,84.6%,29,34,40,25,32,41.00,39,P0001
2026,Bリーグ,レギュラー,47,μゆぅちゃん,Team MJ lovers,8,-21.8,-2.7,2.50,"39,100点",71,"7,100点",2,1,4,1,25.0%,40,87.5%,21,42,41,17,39,64.00,36,P0327
2026,Bリーグ,レギュラー,48,桐生れいか,他力本願寺,11,-21.9,-2,2.45,"46,200点",50,"-21,000点",2,5,1,3,18.2%,51,72.7%,51,47,42,43,44,47.00,44,P0252
2026,Bリーグ,レギュラー,49,羽田暁音,おたまーず,11,-23.5,-2.1,2.55,"44,900点",56,"7,700点",2,4,2,3,18.2%,52,72.7%,52,48,43,44,45,51.00,45,P0232
2026,Bリーグ,レギュラー,50,aoking,IRU,9,-28.7,-3.2,2.44,"51,600点",33,"2,200点",1,4,3,1,11.1%,69,88.9%,19,69,44,15,62,30.00,62,P0017
2026,Bリーグ,レギュラー,51,黙示録@SMY会,さわやかMJ野郎の会,7,-37.4,-5.3,2.71,"59,100点",11,"-4,300点",1,1,4,1,14.3%,58,85.7%,25,58,45,21,51,11.00,51,P0316
2026,Bリーグ,レギュラー,52,014のりたま,チートイズ,9,-40.7,-4.5,2.78,"53,100点",26,"8,800点",2,1,3,3,22.2%,46,66.7%,66,45,46,58,42,23.00,42,P0011
2026,Bリーグ,レギュラー,53,小四喜大好き,楽しめばイイ雀,12,-43.9,-3.7,2.67,"57,900点",16,"2,100点",2,4,2,4,16.7%,54,66.7%,64,50,47,56,47,16.00,47,P0272
2026,Bリーグ,レギュラー,54,パイ乙戦士全ツ,さわやかMJ野郎の会,7,-46.4,-6.6,2.71,"46,100点",52,"10,800点",1,2,2,2,14.3%,59,71.4%,54,59,48,46,52,48.00,52,P0156
2026,Bリーグ,レギュラー,55,川端由紀,教室生☆KSC,1,-48.7,-48.7,4.00,"11,300点",90,"11,300点",0,0,0,1,0.0%,90,0.0%,90,77,,,,,,P0289
2026,Bリーグ,レギュラー,56,しょう&るな,Vertice,7,-54.6,-7.8,2.71,"50,200点",40,"2,700点",1,2,2,2,14.3%,60,71.4%,55,60,49,47,53,37.00,53,P0117
2026,Bリーグ,レギュラー,57,ysk,Team MJ lovers,7,-56.1,-8,2.71,"38,300点",72,"4,800点",1,1,4,1,14.3%,61,85.7%,26,61,50,22,54,65.00,54,P0065
2026,Bリーグ,レギュラー,58,moka,Vertice,13,-56.7,-4.4,2.62,"40,800点",67,"5,900点",2,3,6,2,15.4%,55,84.6%,30,51,51,26,48,61.00,48,P0042
2026,Bリーグ,レギュラー,59,おさやスイープ,チートイズ,7,-59.9,-8.6,2.71,"45,600点",54,"9,900点",1,2,2,2,14.3%,62,71.4%,56,62,52,48,55,50.00,55,P0081
2026,Bリーグ,レギュラー,60,ポルタ,La vie en Rose,5,-64,-12.8,2.80,"39,600点",69,"4,400点",1,0,3,1,20.0%,49,80.0%,38,55,,,,,,P0182
2026,Bリーグ,レギュラー,61,ｋｅｎ@あじと,TEAM AJITO,8,-67.9,-8.5,2.63,"46,400点",49,"-3,300点",1,3,2,2,12.5%,65,75.0%,47,65,53,40,58,45.00,58,P0036
2026,Bリーグ,レギュラー,62,仇森龍,Brave Revengers,12,-69.5,-5.8,2.67,"51,600点",33,"-8,000点",1,6,1,4,8.3%,75,66.7%,65,75,54,57,68,31.00,68,P0246
2026,Bリーグ,レギュラー,63,七対子大好き,楽しめばイイ雀,10,-70.3,-7,2.70,"41,900点",63,"9,000点",1,4,2,3,10.0%,71,70.0%,59,71,55,51,64,58.00,64,P0267
2026,Bリーグ,レギュラー,64,溝渕智也,Team MJ lovers,13,-71.4,-5.5,2.62,"52,500点",30,"-2,100点",2,4,4,3,15.4%,56,76.9%,42,52,56,35,49,27.00,49,P0259
2026,Bリーグ,レギュラー,65,ヤス,TEAM AJITO,4,-72.5,-18.1,2.75,"26,100点",82,"1,900点",0,2,1,1,0.0%,84,75.0%,49,80,,,,,,P0199
2026,Bリーグ,レギュラー,66,公務員麻雀M,チートイズ,8,-73.9,-9.2,2.63,"36,500点",76,"-7,000点",1,3,2,2,12.5%,66,75.0%,48,66,57,41,59,68.00,59,P0258
2026,Bリーグ,レギュラー,67,flantic,TEAM AJITO,1,-89.3,-89.3,4.00,"-29,300点",91,"-29,300点",0,0,0,1,0.0%,91,0.0%,91,78,,,,,,P0025
2026,Bリーグ,レギュラー,68,わたちゃん,楽しめばイイ雀,8,-96.5,-12.1,2.88,"72,300点",4,"-9,300点",2,1,1,4,25.0%,41,50.0%,78,43,58,68,40,4.00,37,P0226
2026,Bリーグ,レギュラー,69,くすだま,楽しめばイイ雀,9,-98.5,-10.9,2.78,"41,000点",65,"-1,900点",1,2,4,2,11.1%,70,77.8%,40,70,59,33,63,59.00,63,P0098
2026,Bリーグ,レギュラー,70,たくおっち,他力本願寺,6,-102,-17,2.83,"36,000点",78,"-3,500点",0,3,1,2,0.0%,81,66.7%,68,87,,,,,,P0132
2026,Bリーグ,レギュラー,71,ゆうー,Vertice,11,-115.9,-10.5,2.82,"48,300点",43,"-6,200点",1,2,6,2,9.1%,73,81.8%,34,73,60,29,66,40.00,66,P0203
2026,Bリーグ,レギュラー,72,灰鶴,他力本願寺,11,-132.4,-12,2.64,"44,400点",58,"-4,000点",1,5,2,3,9.1%,74,72.7%,53,74,61,45,67,53.00,67,P0239
2026,Bリーグ,レギュラー,73,シェリさん,La vie en Rose,4,-134.3,-33.6,3.25,"24,200点",83,"2,400点",0,1,1,2,0.0%,85,50.0%,81,81,,,,,,P0112
2026,Bリーグ,レギュラー,74,明信,TEAM AJITO,5,-134.5,-26.9,3.40,"55,400点",21,"2,700点",1,0,0,4,20.0%,50,20.0%,89,56,,,,,,P0315
2026,Bリーグ,レギュラー,75,りきまーる,Brave Revengers,7,-136.9,-19.6,3.00,"50,500点",38,"-1,900点",2,0,1,4,28.6%,33,42.9%,82,37,62,71,34,35.00,29,P0214
2026,Bリーグ,レギュラー,76,奥山瞭,IRU,10,-141.2,-14.1,2.90,"51,700点",32,"9,100点",1,3,2,4,10.0%,72,60.0%,72,72,63,63,65,29.00,65,P0235
2026,Bリーグ,レギュラー,77,りゅー,Brave Revengers,7,-145.3,-20.8,3.14,"42,100点",62,"2,900点",1,1,1,4,14.3%,63,42.9%,83,63,64,72,56,57.00,56,P0215
2026,Bリーグ,レギュラー,78,uki,IRU,7,-155.6,-22.2,3.00,"39,200点",70,"9,200点",0,2,3,2,0.0%,80,71.4%,57,88,65,49,70,63.00,73,P0059
2026,Bリーグ,レギュラー,79,ゆうやなのだ,楽しめばイイ雀,7,-167.4,-23.9,3.14,"36,200点",77,-800点,1,0,3,3,14.3%,64,57.1%,76,64,66,66,57,69.00,57,P0205
2026,Bリーグ,レギュラー,80,★神威★,La vie en Rose,5,-172.4,-34.5,3.40,"20,500点",87,"4,800点",0,0,3,2,0.0%,82,60.0%,73,85,,,,,,P0007
2026,Bリーグ,レギュラー,81,Kou,楽しめばイイ雀,8,-179,-22.4,3.13,"37,400点",74,"1,900点",0,3,1,4,0.0%,78,50.0%,79,89,67,69,71,66.00,71,P0038
2026,Bリーグ,レギュラー,82,捜査一課長,楽しめばイイ雀,4,-186.6,-46.7,3.75,"19,100点",89,"-6,000点",0,0,1,3,0.0%,86,25.0%,86,82,,,,,,P0292
2026,Bリーグ,レギュラー,83,匕首◆,La vie en Rose,9,-188.6,-21,2.89,"32,100点",81,"-17,200点",0,4,2,3,0.0%,77,66.7%,67,91,68,59,73,72.00,70,P0325
2026,Bリーグ,レギュラー,84,おたま♪,おたまーず,8,-191.8,-24,3.00,"33,300点",79,"-6,100点",1,1,3,3,12.5%,67,62.5%,70,67,69,61,60,70.00,60,P0084
2026,Bリーグ,レギュラー,85,とり,他力本願寺,13,-195.6,-15,2.92,"53,000点",27,"-7,600点",3,1,3,6,23.1%,44,53.8%,77,35,70,67,33,24.00,40,P0148
2026,Bリーグ,レギュラー,86,w-baby,教室生☆KSC,4,-199.6,-49.9,3.75,"22,400点",85,"-10,700点",0,0,1,3,0.0%,87,25.0%,87,83,,,,,,P0060
2026,Bリーグ,レギュラー,87,だてまきたまご,さわやかMJ野郎の会,4,-203.6,-50.9,3.75,"19,200点",88,"-5,200点",0,0,1,3,0.0%,88,25.0%,88,84,,,,,,P0135
2026,Bリーグ,レギュラー,88,じんぱぱ,チートイズ,8,-207.5,-25.9,3.25,"40,900点",66,"-8,300点",1,0,3,4,12.5%,68,50.0%,80,68,71,70,61,60.00,61,P0120
2026,Bリーグ,レギュラー,89,抹茶,Vertice,5,-225.3,-45.1,3.60,"24,000点",84,"-5,500点",0,0,2,3,0.0%,83,40.0%,84,86,,,,,,P0314
2026,Bリーグ,レギュラー,90,ゆっしー@,Team MJ lovers,13,-297.9,-22.9,3.08,"51,500点",35,100点,1,1,7,4,7.7%,76,69.2%,63,76,72,55,69,32.00,69,P0207
2026,Bリーグ,レギュラー,91,nana.jo,楽しめばイイ雀,8,-305.5,-38.2,3.63,"22,100点",86,"-1,800点",0,0,3,5,0.0%,79,37.5%,85,90,73,73,72,73.00,72,P0046