対局キー,局順,対局日時,サーバーID,ゲームID,親席,選手1,選手2,選手3,選手4,開始点1,開始点2,開始点3,開始点4,終了点1,終了点2,終了点3,終了点4,増減1,増減2,増減3,増減4,元URL,年度,シーズン,リーグ,選手1ID,選手2ID,選手3ID,選手4ID,選手1公式名,選手2公式名,選手3公式名,選手4公式名,結果区分,和了方法,和了者,放銃者,和了点,和了者増減,翻,符,役,ドラ,赤ドラ,裏ドラ,副露者,副露回数,リーチ者
33-272262997,1,2026-08-03 21:59:31,33,272262997,4,Blue-K18,りゅー,☆魔雀T塾生☆,中出雄介,25000,25000,25000,25000,23500,23500,26500,26500,-1500,-1500,1500,1500,https://pl.sega-mj.com/mj_viewer/replayMatch?matching_server_id=33&game_id=272262997&kyoku_select=1&target_user_id=466377&share_type=b38f1dd86b7eba670edfde8b1c4c2eb75eddae7f105bfbbf47de134da5f70c98,2026,セミファイナル,Bリーグ,P0018,P0215,P0010,P0298,Blue-K18,りゅー,☆魔雀T塾生☆,中出雄介,点数移動,,,,,,,,,,,,☆魔雀T塾生☆ / 中出雄介,4,
33-272262997,2,2026-08-03 21:59:31,33,272262997,4,Blue-K18,りゅー,☆魔雀T塾生☆,中出雄介,23500,23500,26500,26500,21200,25800,26500,26500,-2300,2300,0,0,https://pl.sega-mj.com/mj_viewer/replayMatch?matching_server_id=33&game_id=272262997&kyoku_select=2&target_user_id=466377&share_type=b38f1dd86b7eba670edfde8b1c4c2eb75eddae7f105bfbbf47de134da5f70c98,2026,セミファイナル,Bリーグ,P0018,P0215,P0010,P0298,Blue-K18,りゅー,☆魔雀T塾生☆,中出雄介,和了候補,ロン候補,りゅー,Blue-K18,,2300,2,30,一気通貫,1,0,0,りゅー,1,
33-272262997,3,2026-08-03 21:59:31,33,272262997,1,Blue-K18,りゅー,☆魔雀T塾生☆,中出雄介,21200,25800,26500,26500,20700,25500,27600,26200,-500,-300,1100,-300,https://pl.sega-mj.com/mj_viewer/replayMatch?matching_server_id=33&game_id=272262997&kyoku_select=3&target_user_id=466377&share_type=b38f1dd86b7eba670edfde8b1c4c2eb75eddae7f105bfbbf47de134da5f70c98,2026,セミファイナル,Bリーグ,P0018,P0215,P0010,P0298,Blue-K18,りゅー,☆魔雀T塾生☆,中出雄介,和了候補,ツモ候補,☆魔雀T塾生☆,,,1100,1,30,發,0,0,0,Blue-K18 / 中出雄介 / ☆魔雀T塾生☆,3,
33-272262997,4,2026-08-03 21:59:31,33,272262997,2,Blue-K18,りゅー,☆魔雀T塾生☆,中出雄介,20700,25500,27600,26200,16700,17500,43600,22200,-4000,-8000,16000,-4000,https://pl.sega-mj.com/mj_viewer/replayMatch?matching_server_id=33&game_id=272262997&kyoku_select=4&target_user_id=466377&share_type=b38f1dd86b7eba670edfde8b1c4c2eb75eddae7f105bfbbf47de134da5f70c98,2026,セミファイナル,Bリーグ,P0018,P0215,P0010,P0298,Blue-K18,りゅー,☆魔雀T塾生☆,中出雄介,和了候補,ツモ候補,☆魔雀T塾生☆,,,16000,9,20,立直・門前清摸和・平和・一盃口,2,2,1,中出雄介,2,☆魔雀T塾生☆
33-272262997,5,2026-08-03 21:59:31,33,272262997,3,Blue-K18,りゅー,☆魔雀T塾生☆,中出雄介,16700,17500,43600,22200,14700,15500,39600,30200,-2000,-2000,-4000,8000,https://pl.sega-mj.com/mj_viewer/replayMatch?matching_server_id=33&game_id=272262997&kyoku_select=5&target_user_id=466377&share_type=b38f1dd86b7eba670edfde8b1c4c2eb75eddae7f105bfbbf47de134da5f70c98,2026,セミファイナル,Bリーグ,P0018,P0215,P0010,P0298,Blue-K18,りゅー,☆魔雀T塾生☆,中出雄介,和了候補,ツモ候補,中出雄介,,,8000,4,30,門前清摸和・一盃口,0,2,0,☆魔雀T塾生☆,3,
33-272262997,6,2026-08-03 21:59:31,33,272262997,4,Blue-K18,りゅー,☆魔雀T塾生☆,中出雄介,14700,15500,39600,30200,12700,14500,44600,28200,-2000,-1000,5000,-2000,https://pl.sega-mj.com/mj_viewer/replayMatch?matching_server_id=33&game_id=272262997&kyoku_select=6&target_user_id=466377&share_type=b38f1dd86b7eba670edfde8b1c4c2eb75eddae7f105bfbbf47de134da5f70c98,2026,セミファイナル,Bリーグ,P0018,P0215,P0010,P0298,Blue-K18,りゅー,☆魔雀T塾生☆,中出雄介,和了候補,ツモ候補,☆魔雀T塾生☆,,,5000,3,30,立直・門前清摸和,0,0,1,,0,☆魔雀T塾生☆ / Blue-K18
33-272262997,7,2026-08-03 21:59:31,33,272262997,1,Blue-K18,りゅー,☆魔雀T塾生☆,中出雄介,12700,14500,44600,28200,14200,15000,43100,26700,1500,500,-1500,-1500,https://pl.sega-mj.com/mj_viewer/replayMatch?matching_server_id=33&game_id=272262997&kyoku_select=7&target_user_id=466377&share_type=b38f1dd86b7eba670edfde8b1c4c2eb75eddae7f105bfbbf47de134da5f70c98,2026,セミファイナル,Bリーグ,P0018,P0215,P0010,P0298,Blue-K18,りゅー,☆魔雀T塾生☆,中出雄介,点数移動,,,,,,,,,,,,Blue-K18,1,りゅー
33-272262997,8,2026-08-03 21:59:31,33,272262997,1,Blue-K18,りゅー,☆魔雀T塾生☆,中出雄介,14200,15000,43100,26700,23300,12300,40400,24000,9100,-2700,-2700,-2700,https://pl.sega-mj.com/mj_viewer/replayMatch?matching_server_id=33&game_id=272262997&kyoku_select=8&target_user_id=466377&share_type=b38f1dd86b7eba670edfde8b1c4c2eb75eddae7f105bfbbf47de134da5f70c98,2026,セミファイナル,Bリーグ,P0018,P0215,P0010,P0298,Blue-K18,りゅー,☆魔雀T塾生☆,中出雄介,和了候補,ツモ候補,Blue-K18,,,9100,4,20,立直・門前清摸和・平和,0,0,1,,0,Blue-K18
33-272262997,9,2026-08-03 21:59:31,33,272262997,1,Blue-K18,りゅー,☆魔雀T塾生☆,中出雄介,23300,12300,40400,24000,17100,9100,53000,20800,-6200,-3200,12600,-3200,https://pl.sega-mj.com/mj_viewer/replayMatch?matching_server_id=33&game_id=272262997&kyoku_select=9&target_user_id=466377&share_type=b38f1dd86b7eba670edfde8b1c4c2eb75eddae7f105bfbbf47de134da5f70c98,2026,セミファイナル,Bリーグ,P0018,P0215,P0010,P0298,Blue-K18,りゅー,☆魔雀T塾生☆,中出雄介,和了候補,ツモ候補,☆魔雀T塾生☆,,,12600,7,20,立直・門前清摸和・平和,0,2,2,中出雄介,2,☆魔雀T塾生☆
33-272262997,10,2026-08-03 21:59:31,33,272262997,2,Blue-K18,りゅー,☆魔雀T塾生☆,中出雄介,17100,9100,53000,20800,14100,9100,54000,21800,-3000,0,1000,1000,https://pl.sega-mj.com/mj_viewer/replayMatch?matching_server_id=33&game_id=272262997&kyoku_select=10&target_user_id=466377&share_type=b38f1dd86b7eba670edfde8b1c4c2eb75eddae7f105bfbbf47de134da5f70c98,2026,セミファイナル,Bリーグ,P0018,P0215,P0010,P0298,Blue-K18,りゅー,☆魔雀T塾生☆,中出雄介,点数移動,,,,,,,,,,,,中出雄介,1,りゅー
33-272262997,11,2026-08-03 21:59:31,33,272262997,2,Blue-K18,りゅー,☆魔雀T塾生☆,中出雄介,14100,9100,54000,21800,14100,12400,54000,19500,0,3300,0,-2300,https://pl.sega-mj.com/mj_viewer/replayMatch?matching_server_id=33&game_id=272262997&kyoku_select=11&target_user_id=466377&share_type=b38f1dd86b7eba670edfde8b1c4c2eb75eddae7f105bfbbf47de134da5f70c98,2026,セミファイナル,Bリーグ,P0018,P0215,P0010,P0298,Blue-K18,りゅー,☆魔雀T塾生☆,中出雄介,和了候補,ロン候補,りゅー,中出雄介,,3300,1,40,立直,0,0,0,中出雄介,3,りゅー
33-272262997,12,2026-08-03 21:59:31,33,272262997,2,Blue-K18,りゅー,☆魔雀T塾生☆,中出雄介,14100,12400,54000,19500,12600,13900,52500,20000,-1500,1500,-1500,500,https://pl.sega-mj.com/mj_viewer/replayMatch?matching_server_id=33&game_id=272262997&kyoku_select=12&target_user_id=466377&share_type=b38f1dd86b7eba670edfde8b1c4c2eb75eddae7f105bfbbf47de134da5f70c98,2026,セミファイナル,Bリーグ,P0018,P0215,P0010,P0298,Blue-K18,りゅー,☆魔雀T塾生☆,中出雄介,点数移動,,,,,,,,,,,,中出雄介 / りゅー,2,中出雄介
33-272262997,13,2026-08-03 21:59:31,33,272262997,2,Blue-K18,りゅー,☆魔雀T塾生☆,中出雄介,12600,13900,52500,20000,10400,13900,52500,23200,-2200,0,0,3200,https://pl.sega-mj.com/mj_viewer/replayMatch?matching_server_id=33&game_id=272262997&kyoku_select=13&target_user_id=466377&share_type=b38f1dd86b7eba670edfde8b1c4c2eb75eddae7f105bfbbf47de134da5f70c98,2026,セミファイナル,Bリーグ,P0018,P0215,P0010,P0298,Blue-K18,りゅー,☆魔雀T塾生☆,中出雄介,和了候補,ロン候補,中出雄介,Blue-K18,,3200,1,40,白,0,0,0,中出雄介,2,
33-272262997,14,2026-08-03 21:59:31,33,272262997,3,Blue-K18,りゅー,☆魔雀T塾生☆,中出雄介,10400,13900,52500,23200,14400,13900,52500,21200,4000,0,0,-2000,https://pl.sega-mj.com/mj_viewer/replayMatch?matching_server_id=33&game_id=272262997&kyoku_select=14&target_user_id=466377&share_type=b38f1dd86b7eba670edfde8b1c4c2eb75eddae7f105bfbbf47de134da5f70c98,2026,セミファイナル,Bリーグ,P0018,P0215,P0010,P0298,Blue-K18,りゅー,☆魔雀T塾生☆,中出雄介,和了候補,ロン候補,Blue-K18,中出雄介,,4000,2,30,南・西,0,0,0,Blue-K18,2,りゅー / ☆魔雀T塾生☆
33-272539114,1,2026-08-07 21:59:31,33,272539114,4,上野あいみ,サンタマルコ,Hiromu,Mychemi,25000,25000,25000,25000,25000,25000,28200,21800,0,0,3200,-3200,https://pl.sega-mj.com/mj_viewer/replayMatch?matching_server_id=33&game_id=272539114&kyoku_select=1&target_user_id=7353759&share_type=2714d37006369bc971583883339535a26aa14eacc1ddb40b717c5aabc865d1d5,2026,セミファイナル,Bリーグ,P0279,P0110,P0030,P0044,上野あいみ,サンタマルコ,Hiromu,Mychemi,和了（MJ和了データ）,ロン,Hiromu,Mychemi,3200,3200,3,25,七対子,0,1,0,サンタマルコ,1,
33-272539114,2,2026-08-07 21:59:31,33,272539114,1,上野あいみ,サンタマルコ,Hiromu,Mychemi,25000,25000,28200,21800,19000,22000,25200,33800,-6000,-3000,-3000,12000,https://pl.sega-mj.com/mj_viewer/replayMatch?matching_server_id=33&game_id=272539114&kyoku_select=2&target_user_id=7353759&share_type=2714d37006369bc971583883339535a26aa14eacc1ddb40b717c5aabc865d1d5,2026,セミファイナル,Bリーグ,P0279,P0110,P0030,P0044,上野あいみ,サンタマルコ,Hiromu,Mychemi,和了（MJ和了データ）,ツモ,Mychemi,,12000,12000,6,30,門前清摸和・断ヤオ,3,1,0,上野あいみ,1,
33-272539114,3,2026-08-07 21:59:31,33,272539114,2,上野あいみ,サンタマルコ,Hiromu,Mychemi,19000,22000,25200,33800,19000,24500,25200,31300,0,2500,0,-2500,https://pl.sega-mj.com/mj_viewer/replayMatch?matching_server_id=33&game_id=272539114&kyoku_select=3&target_user_id=7353759&share_type=2714d37006369bc971583883339535a26aa14eacc1ddb40b717c5aabc865d1d5,2026,セミファイナル,Bリーグ,P0279,P0110,P0030,P0044,上野あいみ,サンタマルコ,Hiromu,Mychemi,和了（MJ和了データ）,ロン,サンタマルコ,Mychemi,1500,2500,1,30,發,0,0,0,サンタマルコ,1,Mychemi
33-272539114,4,2026-08-07 21:59:31,33,272539114,2,上野あいみ,サンタマルコ,Hiromu,Mychemi,19000,24500,25200,31300,19000,26300,23400,31300,0,1800,-1800,0,https://pl.sega-mj.com/mj_viewer/replayMatch?matching_server_id=33&game_id=272539114&kyoku_select=4&target_user_id=7353759&share_type=2714d37006369bc971583883339535a26aa14eacc1ddb40b717c5aabc865d1d5,2026,セミファイナル,Bリーグ,P0279,P0110,P0030,P0044,上野あいみ,サンタマルコ,Hiromu,Mychemi,和了（MJ和了データ）,ロン,サンタマルコ,Hiromu,1500,1800,1,30,中,0,0,0,上野あいみ / サンタマルコ,3,
33-272539114,5,2026-08-07 21:59:31,33,272539114,2,上野あいみ,サンタマルコ,Hiromu,Mychemi,19000,26300,23400,31300,27600,17700,23400,31300,8600,-8600,0,0,https://pl.sega-mj.com/mj_viewer/replayMatch?matching_server_id=33&game_id=272539114&kyoku_select=5&target_user_id=7353759&share_type=2714d37006369bc971583883339535a26aa14eacc1ddb40b717c5aabc865d1d5,2026,セミファイナル,Bリーグ,P0279,P0110,P0030,P0044,上野あいみ,サンタマルコ,Hiromu,Mychemi,和了（MJ和了データ）,ロン,上野あいみ,サンタマルコ,8000,8600,5,30,一気通貫・中・混一色,0,1,0,上野あいみ,1,
33-272539114,6,2026-08-07 21:59:31,33,272539114,3,上野あいみ,サンタマルコ,Hiromu,Mychemi,27600,17700,23400,31300,25000,15100,31200,28700,-2600,-2600,7800,-2600,https://pl.sega-mj.com/mj_viewer/replayMatch?matching_server_id=33&game_id=272539114&kyoku_select=6&target_user_id=7353759&share_type=2714d37006369bc971583883339535a26aa14eacc1ddb40b717c5aabc865d1d5,2026,セミファイナル,Bリーグ,P0279,P0110,P0030,P0044,上野あいみ,サンタマルコ,Hiromu,Mychemi,和了（MJ和了データ）,ツモ,Hiromu,,7800,7800,3,40,断ヤオ,2,0,0,Hiromu / Mychemi,3,
33-272539114,7,2026-08-07 21:59:31,33,272539114,3,上野あいみ,サンタマルコ,Hiromu,Mychemi,25000,15100,31200,28700,23500,16600,32700,27200,-1500,1500,1500,-1500,https://pl.sega-mj.com/mj_viewer/replayMatch?matching_server_id=33&game_id=272539114&kyoku_select=7&target_user_id=7353759&share_type=2714d37006369bc971583883339535a26aa14eacc1ddb40b717c5aabc865d1d5,2026,セミファイナル,Bリーグ,P0279,P0110,P0030,P0044,上野あいみ,サンタマルコ,Hiromu,Mychemi,流局,,,,,,,,,,,,Hiromu,1,
33-272539114,8,2026-08-07 21:59:31,33,272539114,3,上野あいみ,サンタマルコ,Hiromu,Mychemi,23500,16600,32700,27200,23500,15000,32700,28800,0,-1600,0,1600,https://pl.sega-mj.com/mj_viewer/replayMatch?matching_server_id=33&game_id=272539114&kyoku_select=8&target_user_id=7353759&share_type=2714d37006369bc971583883339535a26aa14eacc1ddb40b717c5aabc865d1d5,2026,セミファイナル,Bリーグ,P0279,P0110,P0030,P0044,上野あいみ,サンタマルコ,Hiromu,Mychemi,和了（MJ和了データ）,ロン,Mychemi,サンタマルコ,1000,1600,1,30,三色同順,0,0,0,Mychemi,1,
33-272539114,9,2026-08-07 21:59:31,33,272539114,4,上野あいみ,サンタマルコ,Hiromu,Mychemi,23500,15000,32700,28800,22000,14500,32200,31300,-1500,-500,-500,2500,https://pl.sega-mj.com/mj_viewer/replayMatch?matching_server_id=33&game_id=272539114&kyoku_select=9&target_user_id=7353759&share_type=2714d37006369bc971583883339535a26aa14eacc1ddb40b717c5aabc865d1d5,2026,セミファイナル,Bリーグ,P0279,P0110,P0030,P0044,上野あいみ,サンタマルコ,Hiromu,Mychemi,和了（MJ和了データ）,ツモ,Mychemi,,1500,2500,1,30,發,0,0,0,Mychemi,1,上野あいみ
33-272539114,10,2026-08-07 21:59:31,33,272539114,4,上野あいみ,サンタマルコ,Hiromu,Mychemi,22000,14500,32200,31300,20600,13100,29800,36500,-1400,-1400,-2400,5200,https://pl.sega-mj.com/mj_viewer/replayMatch?matching_server_id=33&game_id=272539114&kyoku_select=10&target_user_id=7353759&share_type=2714d37006369bc971583883339535a26aa14eacc1ddb40b717c5aabc865d1d5,2026,セミファイナル,Bリーグ,P0279,P0110,P0030,P0044,上野あいみ,サンタマルコ,Hiromu,Mychemi,和了（MJ和了データ）,ツモ,Mychemi,,3900,5200,2,40,南,0,1,0,Mychemi,1,Hiromu
33-272539114,11,2026-08-07 21:59:31,33,272539114,4,上野あいみ,サンタマルコ,Hiromu,Mychemi,20600,13100,29800,36500,12000,21700,29800,36500,-8600,8600,0,0,https://pl.sega-mj.com/mj_viewer/replayMatch?matching_server_id=33&game_id=272539114&kyoku_select=11&target_user_id=7353759&share_type=2714d37006369bc971583883339535a26aa14eacc1ddb40b717c5aabc865d1d5,2026,セミファイナル,Bリーグ,P0279,P0110,P0030,P0044,上野あいみ,サンタマルコ,Hiromu,Mychemi,和了（MJ和了データ）,ロン,サンタマルコ,上野あいみ,8000,8600,5,30,南・混一色,2,0,0,サンタマルコ / Mychemi,2,
33-272539114,12,2026-08-07 21:59:31,33,272539114,1,上野あいみ,サンタマルコ,Hiromu,Mychemi,12000,21700,29800,36500,8100,21700,34700,35500,-3900,0,4900,-1000,https://pl.sega-mj.com/mj_viewer/replayMatch?matching_server_id=33&game_id=272539114&kyoku_select=12&target_user_id=7353759&share_type=2714d37006369bc971583883339535a26aa14eacc1ddb40b717c5aabc865d1d5,2026,セミファイナル,Bリーグ,P0279,P0110,P0030,P0044,上野あいみ,サンタマルコ,Hiromu,Mychemi,和了（MJ和了データ）,ロン,Hiromu,上野あいみ,3900,,3,30,平和,2,0,0,サンタマルコ / 上野あいみ,3,Mychemi
33-272539114,13,2026-08-07 21:59:31,33,272539114,2,上野あいみ,サンタマルコ,Hiromu,Mychemi,8100,21700,34700,35500,20100,15700,31700,32500,12000,-6000,-3000,-3000,https://pl.sega-mj.com/mj_viewer/replayMatch?matching_server_id=33&game_id=272539114&kyoku_select=13&target_user_id=7353759&share_type=2714d37006369bc971583883339535a26aa14eacc1ddb40b717c5aabc865d1d5,2026,セミファイナル,Bリーグ,P0279,P0110,P0030,P0044,上野あいみ,サンタマルコ,Hiromu,Mychemi,和了（MJ和了データ）,ツモ,上野あいみ,,12000,12000,7,30,立直・門前清摸和・断ヤオ,0,1,3,サンタマルコ,3,上野あいみ
33-272539114,14,2026-08-07 21:59:31,33,272539114,3,上野あいみ,サンタマルコ,Hiromu,Mychemi,20100,15700,31700,32500,21400,15700,31700,31200,1300,0,0,-1300,https://pl.sega-mj.com/mj_viewer/replayMatch?matching_server_id=33&game_id=272539114&kyoku_select=14&target_user_id=7353759&share_type=2714d37006369bc971583883339535a26aa14eacc1ddb40b717c5aabc865d1d5,2026,セミファイナル,Bリーグ,P0279,P0110,P0030,P0044,上野あいみ,サンタマルコ,Hiromu,Mychemi,和了（MJ和了データ）,ロン,上野あいみ,Mychemi,1300,1300,1,40,断ヤオ,0,0,0,サンタマルコ / Mychemi / Hiromu,3,
33-273371453,1,2026-08-17 21:01:41,33,273371453,3,Hiromu,店長倍損の上司,乙子,ミッキー柳井,25000,25000,25000,25000,25000,21100,28900,25000,0,-3900,3900,0,https://pl.sega-mj.com/mj_viewer/replayMatch?matching_server_id=33&game_id=273371453&kyoku_select=1&target_user_id=8569841&share_type=1059d0ca21ccf7aee094a93cca9b1d93c94af91cbf917c22b4ba17f9a180be5a,2026,セミファイナル,Aリーグ,P0030,P0302,P0236,P0194,Hiromu,店長倍損の上司,乙子,ミッキー柳井,和了（MJ和了データ）,ロン,乙子,店長倍損の上司,3900,3900,2,40,立直,1,0,0,Hiromu,1,乙子
33-273371453,2,2026-08-17 21:01:41,33,273371453,3,Hiromu,店長倍損の上司,乙子,ミッキー柳井,25000,21100,28900,25000,23900,20000,26800,29300,-1100,-1100,-2100,4300,https://pl.sega-mj.com/mj_viewer/replayMatch?matching_server_id=33&game_id=273371453&kyoku_select=2&target_user_id=8569841&share_type=1059d0ca21ccf7aee094a93cca9b1d93c94af91cbf917c22b4ba17f9a180be5a,2026,セミファイナル,Aリーグ,P0030,P0302,P0236,P0194,Hiromu,店長倍損の上司,乙子,ミッキー柳井,和了（MJ和了データ）,ツモ,ミッキー柳井,,4000,4300,3,30,立直・一発・門前清摸和,0,0,0,,0,ミッキー柳井
33-273371453,3,2026-08-17 21:01:41,33,273371453,4,Hiromu,店長倍損の上司,乙子,ミッキー柳井,23900,20000,26800,29300,22900,19000,25800,32300,-1000,-1000,-1000,3000,https://pl.sega-mj.com/mj_viewer/replayMatch?matching_server_id=33&game_id=273371453&kyoku_select=3&target_user_id=8569841&share_type=1059d0ca21ccf7aee094a93cca9b1d93c94af91cbf917c22b4ba17f9a180be5a,2026,セミファイナル,Aリーグ,P0030,P0302,P0236,P0194,Hiromu,店長倍損の上司,乙子,ミッキー柳井,和了（MJ和了データ）,ツモ,ミッキー柳井,,3000,3000,2,30,立直・門前清摸和,0,0,0,乙子,1,ミッキー柳井
33-273371453,4,2026-08-17 21:01:41,33,273371453,4,Hiromu,店長倍損の上司,乙子,ミッキー柳井,22900,19000,25800,32300,22900,19000,28700,29400,0,0,2900,-2900,https://pl.sega-mj.com/mj_viewer/replayMatch?matching_server_id=33&game_id=273371453&kyoku_select=4&target_user_id=8569841&share_type=1059d0ca21ccf7aee094a93cca9b1d93c94af91cbf917c22b4ba17f9a180be5a,2026,セミファイナル,Aリーグ,P0030,P0302,P0236,P0194,Hiromu,店長倍損の上司,乙子,ミッキー柳井,和了（MJ和了データ）,ロン,乙子,ミッキー柳井,2600,2900,2,40,白,0,1,0,ミッキー柳井,2,
33-273371453,5,2026-08-17 21:01:41,33,273371453,1,Hiromu,店長倍損の上司,乙子,ミッキー柳井,22900,19000,28700,29400,30700,16400,26100,26800,7800,-2600,-2600,-2600,https://pl.sega-mj.com/mj_viewer/replayMatch?matching_server_id=33&game_id=273371453&kyoku_select=5&target_user_id=8569841&share_type=1059d0ca21ccf7aee094a93cca9b1d93c94af91cbf917c22b4ba17f9a180be5a,2026,セミファイナル,Aリーグ,P0030,P0302,P0236,P0194,Hiromu,店長倍損の上司,乙子,ミッキー柳井,和了（MJ和了データ）,ツモ,Hiromu,,7800,7800,4,20,立直・一発・門前清摸和・平和,0,0,0,ミッキー柳井,1,Hiromu
33-273371453,6,2026-08-17 21:01:41,33,273371453,1,Hiromu,店長倍損の上司,乙子,ミッキー柳井,30700,16400,26100,26800,29400,16400,26100,28100,-1300,0,0,1300,https://pl.sega-mj.com/mj_viewer/replayMatch?matching_server_id=33&game_id=273371453&kyoku_select=6&target_user_id=8569841&share_type=1059d0ca21ccf7aee094a93cca9b1d93c94af91cbf917c22b4ba17f9a180be5a,2026,セミファイナル,Aリーグ,P0030,P0302,P0236,P0194,Hiromu,店長倍損の上司,乙子,ミッキー柳井,和了（MJ和了データ）,ロン,ミッキー柳井,Hiromu,1000,1300,1,30,東,0,0,0,ミッキー柳井,1,
33-273371453,7,2026-08-17 21:01:41,33,273371453,2,Hiromu,店長倍損の上司,乙子,ミッキー柳井,29400,16400,26100,28100,29400,18900,23600,28100,0,2500,-2500,0,https://pl.sega-mj.com/mj_viewer/replayMatch?matching_server_id=33&game_id=273371453&kyoku_select=7&target_user_id=8569841&share_type=1059d0ca21ccf7aee094a93cca9b1d93c94af91cbf917c22b4ba17f9a180be5a,2026,セミファイナル,Aリーグ,P0030,P0302,P0236,P0194,Hiromu,店長倍損の上司,乙子,ミッキー柳井,和了（MJ和了データ）,ロン,店長倍損の上司,乙子,1500,2500,1,30,断ヤオ,0,0,0,店長倍損の上司,1,乙子
33-273371453,8,2026-08-17 21:01:41,33,273371453,2,Hiromu,店長倍損の上司,乙子,ミッキー柳井,29400,18900,23600,28100,27900,19400,24100,26600,-1500,500,500,-1500,https://pl.sega-mj.com/mj_viewer/replayMatch?matching_server_id=33&game_id=273371453&kyoku_select=8&target_user_id=8569841&share_type=1059d0ca21ccf7aee094a93cca9b1d93c94af91cbf917c22b4ba17f9a180be5a,2026,セミファイナル,Aリーグ,P0030,P0302,P0236,P0194,Hiromu,店長倍損の上司,乙子,ミッキー柳井,流局,,,,,,,,,,,,乙子,1,乙子 / 店長倍損の上司
33-273371453,9,2026-08-17 21:01:41,33,273371453,2,Hiromu,店長倍損の上司,乙子,ミッキー柳井,27900,19400,24100,26600,27200,18200,23400,31200,-700,-1200,-700,4600,https://pl.sega-mj.com/mj_viewer/replayMatch?matching_server_id=33&game_id=273371453&kyoku_select=9&target_user_id=8569841&share_type=1059d0ca21ccf7aee094a93cca9b1d93c94af91cbf917c22b4ba17f9a180be5a,2026,セミファイナル,Aリーグ,P0030,P0302,P0236,P0194,Hiromu,店長倍損の上司,乙子,ミッキー柳井,和了（MJ和了データ）,ツモ,ミッキー柳井,,2000,4600,2,30,東,0,1,0,店長倍損の上司 / ミッキー柳井 / 乙子,5,
33-273371453,10,2026-08-17 21:01:41,33,273371453,3,Hiromu,店長倍損の上司,乙子,ミッキー柳井,27200,18200,23400,31200,31100,18200,23400,27300,3900,0,0,-3900,https://pl.sega-mj.com/mj_viewer/replayMatch?matching_server_id=33&game_id=273371453&kyoku_select=10&target_user_id=8569841&share_type=1059d0ca21ccf7aee094a93cca9b1d93c94af91cbf917c22b4ba17f9a180be5a,2026,セミファイナル,Aリーグ,P0030,P0302,P0236,P0194,Hiromu,店長倍損の上司,乙子,ミッキー柳井,和了（MJ和了データ）,ロン,Hiromu,ミッキー柳井,3900,3900,3,30,立直・平和,0,1,0,乙子,2,Hiromu
33-273371453,11,2026-08-17 21:01:41,33,273371453,4,Hiromu,店長倍損の上司,乙子,ミッキー柳井,31100,18200,23400,27300,29100,16200,31400,23300,-2000,-2000,8000,-4000,https://pl.sega-mj.com/mj_viewer/replayMatch?matching_server_id=33&game_id=273371453&kyoku_select=11&target_user_id=8569841&share_type=1059d0ca21ccf7aee094a93cca9b1d93c94af91cbf917c22b4ba17f9a180be5a,2026,セミファイナル,Aリーグ,P0030,P0302,P0236,P0194,Hiromu,店長倍損の上司,乙子,ミッキー柳井,和了（MJ和了データ）,ツモ,乙子,,8000,8000,4,30,立直・門前清摸和,1,0,1,Hiromu,1,乙子
33-273371453,12,2026-08-17 21:01:41,33,273371453,1,Hiromu,店長倍損の上司,乙子,ミッキー柳井,29100,16200,31400,23300,47100,10200,25400,17300,18000,-6000,-6000,-6000,https://pl.sega-mj.com/mj_viewer/replayMatch?matching_server_id=33&game_id=273371453&kyoku_select=12&target_user_id=8569841&share_type=1059d0ca21ccf7aee094a93cca9b1d93c94af91cbf917c22b4ba17f9a180be5a,2026,セミファイナル,Aリーグ,P0030,P0302,P0236,P0194,Hiromu,店長倍損の上司,乙子,ミッキー柳井,和了（MJ和了データ）,ツモ,Hiromu,,18000,18000,6,30,立直・一発・門前清摸和・断ヤオ,1,1,0,ミッキー柳井 / 乙子,3,Hiromu
33-273371453,13,2026-08-17 21:01:41,33,273371453,1,Hiromu,店長倍損の上司,乙子,ミッキー柳井,47100,10200,25400,17300,47100,5400,30200,17300,0,-4800,4800,0,https://pl.sega-mj.com/mj_viewer/replayMatch?matching_server_id=33&game_id=273371453&kyoku_select=13&target_user_id=8569841&share_type=1059d0ca21ccf7aee094a93cca9b1d93c94af91cbf917c22b4ba17f9a180be5a,2026,セミファイナル,Aリーグ,P0030,P0302,P0236,P0194,Hiromu,店長倍損の上司,乙子,ミッキー柳井,和了（MJ和了データ）,ロン,乙子,店長倍損の上司,4500,4800,2,70,対々和,0,0,0,Hiromu / 乙子 / ミッキー柳井 / 店長倍損の上司,7,
33-273371453,14,2026-08-17 21:01:41,33,273371453,2,Hiromu,店長倍損の上司,乙子,ミッキー柳井,47100,5400,30200,17300,47100,5400,26300,21200,0,0,-3900,3900,https://pl.sega-mj.com/mj_viewer/replayMatch?matching_server_id=33&game_id=273371453&kyoku_select=14&target_user_id=8569841&share_type=1059d0ca21ccf7aee094a93cca9b1d93c94af91cbf917c22b4ba17f9a180be5a,2026,セミファイナル,Aリーグ,P0030,P0302,P0236,P0194,Hiromu,店長倍損の上司,乙子,ミッキー柳井,和了（MJ和了データ）,ロン,ミッキー柳井,乙子,3900,3900,3,30,断ヤオ,1,1,0,店長倍損の上司 / 乙子 / ミッキー柳井,4,
33-273371540,1,2026-08-17 21:00:04,33,273371540,4,黙示録@SMY会,エイデン二号機,りきまーる,元教室生タク,25000,25000,25000,25000,31200,18800,25000,25000,6200,-6200,0,0,https://pl.sega-mj.com/mj_viewer/replayMatch?matching_server_id=33&game_id=273371540&kyoku_select=1&target_user_id=1872826&share_type=b4b5f77d2ab0a35dff6533200db3a817df2518b671d2341681d85eba49feffd7,2026,セミファイナル,Bリーグ,P0316,P0075,P0214,P0255,黙示録@SMY会,エイデン二号機,りきまーる,元教室生タク,和了（MJ和了データ）,ロン,黙示録@SMY会,エイデン二号機,5200,6200,3,40,立直,0,1,1,りきまーる,2,エイデン二号機 / 黙示録@SMY会
33-273371540,2,2026-08-17 21:00:04,33,273371540,1,黙示録@SMY会,エイデン二号機,りきまーる,元教室生タク,31200,18800,25000,25000,31200,19800,22000,25000,0,1000,-3000,0,https://pl.sega-mj.com/mj_viewer/replayMatch?matching_server_id=33&game_id=273371540&kyoku_select=2&target_user_id=1872826&share_type=b4b5f77d2ab0a35dff6533200db3a817df2518b671d2341681d85eba49feffd7,2026,セミファイナル,Bリーグ,P0316,P0075,P0214,P0255,黙示録@SMY会,エイデン二号機,りきまーる,元教室生タク,流局,,,,,,,,,,,,エイデン二号機,1,黙示録@SMY会 / 元教室生タク
33-273371540,3,2026-08-17 21:00:04,33,273371540,1,黙示録@SMY会,エイデン二号機,りきまーる,元教室生タク,31200,19800,22000,25000,39500,17700,19900,22900,8300,-2100,-2100,-2100,https://pl.sega-mj.com/mj_viewer/replayMatch?matching_server_id=33&game_id=273371540&kyoku_select=3&target_user_id=1872826&share_type=b4b5f77d2ab0a35dff6533200db3a817df2518b671d2341681d85eba49feffd7,2026,セミファイナル,Bリーグ,P0316,P0075,P0214,P0255,黙示録@SMY会,エイデン二号機,りきまーる,元教室生タク,和了（MJ和了データ）,ツモ,黙示録@SMY会,,6000,8300,3,30,立直・門前清摸和,0,1,0,,0,黙示録@SMY会
33-273371540,4,2026-08-17 21:00:04,33,273371540,1,黙示録@SMY会,エイデン二号機,りきまーる,元教室生タク,39500,17700,19900,22900,52100,17700,7300,22900,12600,0,-12600,0,https://pl.sega-mj.com/mj_viewer/replayMatch?matching_server_id=33&game_id=273371540&kyoku_select=4&target_user_id=1872826&share_type=b4b5f77d2ab0a35dff6533200db3a817df2518b671d2341681d85eba49feffd7,2026,セミファイナル,Bリーグ,P0316,P0075,P0214,P0255,黙示録@SMY会,エイデン二号機,りきまーる,元教室生タク,和了（MJ和了データ）,ロン,黙示録@SMY会,りきまーる,12000,12600,5,40,立直・一発,1,1,1,元教室生タク,3,黙示録@SMY会
33-273371540,5,2026-08-17 21:00:04,33,273371540,1,黙示録@SMY会,エイデン二号機,りきまーる,元教室生タク,52100,17700,7300,22900,45800,30600,4000,19600,-6300,12900,-3300,-3300,https://pl.sega-mj.com/mj_viewer/replayMatch?matching_server_id=33&game_id=273371540&kyoku_select=5&target_user_id=1872826&share_type=b4b5f77d2ab0a35dff6533200db3a817df2518b671d2341681d85eba49feffd7,2026,セミファイナル,Bリーグ,P0316,P0075,P0214,P0255,黙示録@SMY会,エイデン二号機,りきまーる,元教室生タク,和了（MJ和了データ）,ツモ,エイデン二号機,,12000,12900,6,20,立直・門前清摸和・平和,1,1,1,黙示録@SMY会,2,エイデン二号機
33-273371540,6,2026-08-17 21:00:04,33,273371540,2,黙示録@SMY会,エイデン二号機,りきまーる,元教室生タク,45800,30600,4000,19600,45800,36400,-1800,19600,0,5800,-5800,0,https://pl.sega-mj.com/mj_viewer/replayMatch?matching_server_id=33&game_id=273371540&kyoku_select=6&target_user_id=1872826&share_type=b4b5f77d2ab0a35dff6533200db3a817df2518b671d2341681d85eba49feffd7,2026,セミファイナル,Bリーグ,P0316,P0075,P0214,P0255,黙示録@SMY会,エイデン二号機,りきまーる,元教室生タク,和了（MJ和了データ）,ロン,エイデン二号機,りきまーる,5800,5800,3,30,平和,2,0,0,元教室生タク,1,
33-273371540,7,2026-08-17 21:00:04,33,273371540,2,黙示録@SMY会,エイデン二号機,りきまーる,元教室生タク,45800,36400,-1800,19600,45800,36400,-3400,21200,0,0,-1600,1600,https://pl.sega-mj.com/mj_viewer/replayMatch?matching_server_id=33&game_id=273371540&kyoku_select=7&target_user_id=1872826&share_type=b4b5f77d2ab0a35dff6533200db3a817df2518b671d2341681d85eba49feffd7,2026,セミファイナル,Bリーグ,P0316,P0075,P0214,P0255,黙示録@SMY会,エイデン二号機,りきまーる,元教室生タク,和了（MJ和了データ）,ロン,元教室生タク,りきまーる,1300,1600,1,40,立直,0,0,0,,0,元教室生タク
33-273371540,8,2026-08-17 21:00:04,33,273371540,3,黙示録@SMY会,エイデン二号機,りきまーる,元教室生タク,45800,36400,-3400,21200,48400,36400,-6000,21200,2600,0,-2600,0,https://pl.sega-mj.com/mj_viewer/replayMatch?matching_server_id=33&game_id=273371540&kyoku_select=8&target_user_id=1872826&share_type=b4b5f77d2ab0a35dff6533200db3a817df2518b671d2341681d85eba49feffd7,2026,セミファイナル,Bリーグ,P0316,P0075,P0214,P0255,黙示録@SMY会,エイデン二号機,りきまーる,元教室生タク,和了（MJ和了データ）,ロン,黙示録@SMY会,りきまーる,2600,2600,2,40,立直,0,1,0,,0,黙示録@SMY会 / りきまーる
33-273371540,9,2026-08-17 21:00:04,33,273371540,4,黙示録@SMY会,エイデン二号機,りきまーる,元教室生タク,48400,36400,-6000,21200,47100,35100,-7300,25100,-1300,-1300,-1300,3900,https://pl.sega-mj.com/mj_viewer/replayMatch?matching_server_id=33&game_id=273371540&kyoku_select=9&target_user_id=1872826&share_type=b4b5f77d2ab0a35dff6533200db3a817df2518b671d2341681d85eba49feffd7,2026,セミファイナル,Bリーグ,P0316,P0075,P0214,P0255,黙示録@SMY会,エイデン二号機,りきまーる,元教室生タク,和了（MJ和了データ）,ツモ,元教室生タク,,3900,3900,3,20,立直・門前清摸和・平和,0,0,0,エイデン二号機 / りきまーる / 黙示録@SMY会,6,元教室生タク
33-273371540,10,2026-08-17 21:00:04,33,273371540,4,黙示録@SMY会,エイデン二号機,りきまーる,元教室生タク,47100,35100,-7300,25100,56400,35100,-16600,25100,9300,0,-9300,0,https://pl.sega-mj.com/mj_viewer/replayMatch?matching_server_id=33&game_id=273371540&kyoku_select=10&target_user_id=1872826&share_type=b4b5f77d2ab0a35dff6533200db3a817df2518b671d2341681d85eba49feffd7,2026,セミファイナル,Bリーグ,P0316,P0075,P0214,P0255,黙示録@SMY会,エイデン二号機,りきまーる,元教室生タク,和了（MJ和了データ）,ロン,黙示録@SMY会,りきまーる,8000,9300,5,30,ダブ南・白,1,1,0,黙示録@SMY会 / エイデン二号機 / 元教室生タク,5,りきまーる
33-273371540,11,2026-08-17 21:00:04,33,273371540,1,黙示録@SMY会,エイデン二号機,りきまーる,元教室生タク,56400,35100,-16600,25100,66000,35100,-26200,25100,9600,0,-9600,0,https://pl.sega-mj.com/mj_viewer/replayMatch?matching_server_id=33&game_id=273371540&kyoku_select=11&target_user_id=1872826&share_type=b4b5f77d2ab0a35dff6533200db3a817df2518b671d2341681d85eba49feffd7,2026,セミファイナル,Bリーグ,P0316,P0075,P0214,P0255,黙示録@SMY会,エイデン二号機,りきまーる,元教室生タク,和了（MJ和了データ）,ロン,黙示録@SMY会,りきまーる,9600,9600,3,50,發・中,0,1,0,元教室生タク,1,
33-273371540,12,2026-08-17 21:00:04,33,273371540,1,黙示録@SMY会,エイデン二号機,りきまーる,元教室生タク,66000,35100,-26200,25100,63300,40600,-27600,23700,-2700,5500,-1400,-1400,https://pl.sega-mj.com/mj_viewer/replayMatch?matching_server_id=33&game_id=273371540&kyoku_select=12&target_user_id=1872826&share_type=b4b5f77d2ab0a35dff6533200db3a817df2518b671d2341681d85eba49feffd7,2026,セミファイナル,Bリーグ,P0316,P0075,P0214,P0255,黙示録@SMY会,エイデン二号機,りきまーる,元教室生タク,和了（MJ和了データ）,ツモ,エイデン二号機,,5200,5500,4,20,立直・門前清摸和・平和,0,0,1,,0,エイデン二号機
33-273371540,13,2026-08-17 21:00:04,33,273371540,2,黙示録@SMY会,エイデン二号機,りきまーる,元教室生タク,63300,40600,-27600,23700,61300,36600,-30600,32700,-2000,-4000,-3000,9000,https://pl.sega-mj.com/mj_viewer/replayMatch?matching_server_id=33&game_id=273371540&kyoku_select=13&target_user_id=1872826&share_type=b4b5f77d2ab0a35dff6533200db3a817df2518b671d2341681d85eba49feffd7,2026,セミファイナル,Bリーグ,P0316,P0075,P0214,P0255,黙示録@SMY会,エイデン二号機,りきまーる,元教室生タク,和了（MJ和了データ）,ツモ,元教室生タク,,8000,9000,4,30,立直・門前清摸和,1,0,1,黙示録@SMY会 / エイデン二号機,3,元教室生タク / りきまーる
33-273371540,14,2026-08-17 21:00:04,33,273371540,3,黙示録@SMY会,エイデン二号機,りきまーる,元教室生タク,61300,36600,-30600,32700,61300,36600,-38600,40700,0,0,-8000,8000,https://pl.sega-mj.com/mj_viewer/replayMatch?matching_server_id=33&game_id=273371540&kyoku_select=14&target_user_id=1872826&share_type=b4b5f77d2ab0a35dff6533200db3a817df2518b671d2341681d85eba49feffd7,2026,セミファイナル,Bリーグ,P0316,P0075,P0214,P0255,黙示録@SMY会,エイデン二号機,りきまーる,元教室生タク,和了（MJ和了データ）,ロン,元教室生タク,りきまーる,8000,8000,4,30,白,3,0,0,元教室生タク / エイデン二号機,2,
33-273377236,1,2026-08-17 22:00:03,33,273377236,3,青ヒゲ危機一髪,仇森龍,ソニア@SMY会,くれば,25000,25000,25000,25000,31400,25000,18600,25000,6400,0,-6400,0,https://pl.sega-mj.com/mj_viewer/replayMatch?matching_server_id=33&game_id=273377236&kyoku_select=1&target_user_id=9617806&share_type=c50e3f5ce180cd166a890df2ad2940161ef7d0b57b8523b8b067f2c09a6e8f34,2026,セミファイナル,Bリーグ,P0283,P0245,P0127,P0101,青ヒゲ危機一髪,仇森龍,ソニア@SMY会,くれば,和了（MJ和了データ）,ロン,青ヒゲ危機一髪,ソニア@SMY会,6400,6400,3,50,立直・西,0,1,0,,0,青ヒゲ危機一髪
33-273377236,2,2026-08-17 22:00:03,33,273377236,4,青ヒゲ危機一髪,仇森龍,ソニア@SMY会,くれば,31400,25000,18600,25000,29900,26500,17100,26500,-1500,1500,-1500,1500,https://pl.sega-mj.com/mj_viewer/replayMatch?matching_server_id=33&game_id=273377236&kyoku_select=2&target_user_id=9617806&share_type=c50e3f5ce180cd166a890df2ad2940161ef7d0b57b8523b8b067f2c09a6e8f34,2026,セミファイナル,Bリーグ,P0283,P0245,P0127,P0101,青ヒゲ危機一髪,仇森龍,ソニア@SMY会,くれば,流局,,,,,,,,,,,,くれば / 仇森龍,2,
33-273377236,3,2026-08-17 22:00:03,33,273377236,4,青ヒゲ危機一髪,仇森龍,ソニア@SMY会,くれば,29900,26500,17100,26500,29900,26500,11000,32600,0,0,-6100,6100,https://pl.sega-mj.com/mj_viewer/replayMatch?matching_server_id=33&game_id=273377236&kyoku_select=3&target_user_id=9617806&share_type=c50e3f5ce180cd166a890df2ad2940161ef7d0b57b8523b8b067f2c09a6e8f34,2026,セミファイナル,Bリーグ,P0283,P0245,P0127,P0101,青ヒゲ危機一髪,仇森龍,ソニア@SMY会,くれば,和了（MJ和了データ）,ロン,くれば,ソニア@SMY会,5800,6100,3,30,ダブ東・中,0,0,0,くれば,1,
33-273377236,4,2026-08-17 22:00:03,33,273377236,4,青ヒゲ危機一髪,仇森龍,ソニア@SMY会,くれば,29900,26500,11000,32600,38500,24300,8800,28400,8600,-2200,-2200,-4200,https://pl.sega-mj.com/mj_viewer/replayMatch?matching_server_id=33&game_id=273377236&kyoku_select=4&target_user_id=9617806&share_type=c50e3f5ce180cd166a890df2ad2940161ef7d0b57b8523b8b067f2c09a6e8f34,2026,セミファイナル,Bリーグ,P0283,P0245,P0127,P0101,青ヒゲ危機一髪,仇森龍,ソニア@SMY会,くれば,和了（MJ和了データ）,ツモ,青ヒゲ危機一髪,,8000,8600,5,20,立直・門前清摸和・平和,0,2,0,仇森龍,2,青ヒゲ危機一髪
33-273377236,5,2026-08-17 22:00:03,33,273377236,1,青ヒゲ危機一髪,仇森龍,ソニア@SMY会,くれば,38500,24300,8800,28400,40500,23300,7800,27400,2000,-1000,-1000,-1000,https://pl.sega-mj.com/mj_viewer/replayMatch?matching_server_id=33&game_id=273377236&kyoku_select=5&target_user_id=9617806&share_type=c50e3f5ce180cd166a890df2ad2940161ef7d0b57b8523b8b067f2c09a6e8f34,2026,セミファイナル,Bリーグ,P0283,P0245,P0127,P0101,青ヒゲ危機一髪,仇森龍,ソニア@SMY会,くれば,流局,,,,,,,,,,,,,0,青ヒゲ危機一髪
33-273377236,6,2026-08-17 22:00:03,33,273377236,1,青ヒゲ危機一髪,仇森龍,ソニア@SMY会,くれば,40500,23300,7800,27400,36400,21200,5700,36700,-4100,-2100,-2100,9300,https://pl.sega-mj.com/mj_viewer/replayMatch?matching_server_id=33&game_id=273377236&kyoku_select=6&target_user_id=9617806&share_type=c50e3f5ce180cd166a890df2ad2940161ef7d0b57b8523b8b067f2c09a6e8f34,2026,セミファイナル,Bリーグ,P0283,P0245,P0127,P0101,青ヒゲ危機一髪,仇森龍,ソニア@SMY会,くれば,和了（MJ和了データ）,ツモ,くれば,,8000,9300,5,30,立直・門前清摸和,1,1,1,ソニア@SMY会,2,くれば
33-273377236,7,2026-08-17 22:00:03,33,273377236,2,青ヒゲ危機一髪,仇森龍,ソニア@SMY会,くれば,36400,21200,5700,36700,36900,21700,4200,35200,500,500,-1500,-1500,https://pl.sega-mj.com/mj_viewer/replayMatch?matching_server_id=33&game_id=273377236&kyoku_select=7&target_user_id=9617806&share_type=c50e3f5ce180cd166a890df2ad2940161ef7d0b57b8523b8b067f2c09a6e8f34,2026,セミファイナル,Bリーグ,P0283,P0245,P0127,P0101,青ヒゲ危機一髪,仇森龍,ソニア@SMY会,くれば,流局,,,,,,,,,,,,,0,青ヒゲ危機一髪 / 仇森龍
33-273377236,8,2026-08-17 22:00:03,33,273377236,2,青ヒゲ危機一髪,仇森龍,ソニア@SMY会,くれば,36900,21700,4200,35200,35900,9400,4200,50500,-1000,-12300,0,15300,https://pl.sega-mj.com/mj_viewer/replayMatch?matching_server_id=33&game_id=273377236&kyoku_select=8&target_user_id=9617806&share_type=c50e3f5ce180cd166a890df2ad2940161ef7d0b57b8523b8b067f2c09a6e8f34,2026,セミファイナル,Bリーグ,P0283,P0245,P0127,P0101,青ヒゲ危機一髪,仇森龍,ソニア@SMY会,くれば,和了（MJ和了データ）,ロン,くれば,仇森龍,12000,,6,40,立直,2,2,1,仇森龍,1,くれば / 青ヒゲ危機一髪
33-273377236,9,2026-08-17 22:00:03,33,273377236,3,青ヒゲ危機一髪,仇森龍,ソニア@SMY会,くれば,35900,9400,4200,50500,43900,9400,-3800,50500,8000,0,-8000,0,https://pl.sega-mj.com/mj_viewer/replayMatch?matching_server_id=33&game_id=273377236&kyoku_select=9&target_user_id=9617806&share_type=c50e3f5ce180cd166a890df2ad2940161ef7d0b57b8523b8b067f2c09a6e8f34,2026,セミファイナル,Bリーグ,P0283,P0245,P0127,P0101,青ヒゲ危機一髪,仇森龍,ソニア@SMY会,くれば,和了（MJ和了データ）,ロン,青ヒゲ危機一髪,ソニア@SMY会,8000,8000,5,30,断ヤオ,2,2,0,青ヒゲ危機一髪,1,ソニア@SMY会
33-273377236,10,2026-08-17 22:00:03,33,273377236,4,青ヒゲ危機一髪,仇森龍,ソニア@SMY会,くれば,43900,9400,-3800,50500,43500,9000,-1300,48800,-400,-400,2500,-1700,https://pl.sega-mj.com/mj_viewer/replayMatch?matching_server_id=33&game_id=273377236&kyoku_select=10&target_user_id=9617806&share_type=c50e3f5ce180cd166a890df2ad2940161ef7d0b57b8523b8b067f2c09a6e8f34,2026,セミファイナル,Bリーグ,P0283,P0245,P0127,P0101,青ヒゲ危機一髪,仇森龍,ソニア@SMY会,くれば,和了（MJ和了データ）,ツモ,ソニア@SMY会,,1500,2500,1,40,南,0,0,0,ソニア@SMY会,1,くれば
33-273377236,11,2026-08-17 22:00:03,33,273377236,1,青ヒゲ危機一髪,仇森龍,ソニア@SMY会,くれば,43500,9000,-1300,48800,55500,5000,-5300,44800,12000,-4000,-4000,-4000,https://pl.sega-mj.com/mj_viewer/replayMatch?matching_server_id=33&game_id=273377236&kyoku_select=11&target_user_id=9617806&share_type=c50e3f5ce180cd166a890df2ad2940161ef7d0b57b8523b8b067f2c09a6e8f34,2026,セミファイナル,Bリーグ,P0283,P0245,P0127,P0101,青ヒゲ危機一髪,仇森龍,ソニア@SMY会,くれば,和了（MJ和了データ）,ツモ,青ヒゲ危機一髪,,12000,12000,5,30,立直・門前清摸和・一気通貫,1,0,0,くれば,1,青ヒゲ危機一髪
33-273377236,12,2026-08-17 22:00:03,33,273377236,1,青ヒゲ危機一髪,仇森龍,ソニア@SMY会,くれば,55500,5000,-5300,44800,57800,2700,-5300,44800,2300,-2300,0,0,https://pl.sega-mj.com/mj_viewer/replayMatch?matching_server_id=33&game_id=273377236&kyoku_select=12&target_user_id=9617806&share_type=c50e3f5ce180cd166a890df2ad2940161ef7d0b57b8523b8b067f2c09a6e8f34,2026,セミファイナル,Bリーグ,P0283,P0245,P0127,P0101,青ヒゲ危機一髪,仇森龍,ソニア@SMY会,くれば,和了（MJ和了データ）,ロン,青ヒゲ危機一髪,仇森龍,2000,2300,1,40,東,0,0,0,青ヒゲ危機一髪,2,仇森龍
33-273377236,13,2026-08-17 22:00:03,33,273377236,1,青ヒゲ危機一髪,仇森龍,ソニア@SMY会,くれば,57800,2700,-5300,44800,57800,1700,-8500,49000,0,-1000,-3200,4200,https://pl.sega-mj.com/mj_viewer/replayMatch?matching_server_id=33&game_id=273377236&kyoku_select=13&target_user_id=9617806&share_type=c50e3f5ce180cd166a890df2ad2940161ef7d0b57b8523b8b067f2c09a6e8f34,2026,セミファイナル,Bリーグ,P0283,P0245,P0127,P0101,青ヒゲ危機一髪,仇森龍,ソニア@SMY会,くれば,和了（MJ和了データ）,ロン,くれば,ソニア@SMY会,2600,,2,40,白,1,0,0,くれば / ソニア@SMY会,4,仇森龍
33-273377236,14,2026-08-17 22:00:03,33,273377236,2,青ヒゲ危機一髪,仇森龍,ソニア@SMY会,くれば,57800,1700,-8500,49000,53800,13700,-12500,45000,-4000,12000,-4000,-4000,https://pl.sega-mj.com/mj_viewer/replayMatch?matching_server_id=33&game_id=273377236&kyoku_select=14&target_user_id=9617806&share_type=c50e3f5ce180cd166a890df2ad2940161ef7d0b57b8523b8b067f2c09a6e8f34,2026,セミファイナル,Bリーグ,P0283,P0245,P0127,P0101,青ヒゲ危機一髪,仇森龍,ソニア@SMY会,くれば,和了（MJ和了データ）,ツモ,仇森龍,,12000,12000,5,30,立直・門前清摸和,0,1,2,青ヒゲ危機一髪,3,仇森龍
33-273377236,15,2026-08-17 22:00:03,33,273377236,2,青ヒゲ危機一髪,仇森龍,ソニア@SMY会,くれば,53800,13700,-12500,45000,53800,5400,-12500,53300,0,-8300,0,8300,https://pl.sega-mj.com/mj_viewer/replayMatch?matching_server_id=33&game_id=273377236&kyoku_select=15&target_user_id=9617806&share_type=c50e3f5ce180cd166a890df2ad2940161ef7d0b57b8523b8b067f2c09a6e8f34,2026,セミファイナル,Bリーグ,P0283,P0245,P0127,P0101,青ヒゲ危機一髪,仇森龍,ソニア@SMY会,くれば,和了（MJ和了データ）,ロン,くれば,仇森龍,8000,8300,5,30,河底撈魚・立直・平和・断ヤオ・一盃口,0,0,0,青ヒゲ危機一髪 / 仇森龍,3,くれば
33-273377260,1,2026-08-17 22:00:06,33,273377260,1,松崎真也,ｒｒｒｒｒｒ,赤哲,EmperorTime,25000,25000,25000,25000,23500,25500,25500,23500,-1500,500,500,-1500,https://pl.sega-mj.com/mj_viewer/replayMatch?matching_server_id=33&game_id=273377260&kyoku_select=1&target_user_id=153158&share_type=96548fcd2c0350ce8d34f74aa64027ec17c6a4f7ec87858ff9dc3caa0d8098c8,2026,セミファイナル,Aリーグ,P0276,P0053,P0288,P0024,松崎真也,ｒｒｒｒｒｒ,赤哲,EmperorTime,流局,,,,,,,,,,,,赤哲,1,赤哲 / ｒｒｒｒｒｒ
33-273377260,2,2026-08-17 22:00:06,33,273377260,2,松崎真也,ｒｒｒｒｒｒ,赤哲,EmperorTime,23500,25500,25500,23500,21700,29300,25500,23500,-1800,3800,0,0,https://pl.sega-mj.com/mj_viewer/replayMatch?matching_server_id=33&game_id=273377260&kyoku_select=2&target_user_id=153158&share_type=96548fcd2c0350ce8d34f74aa64027ec17c6a4f7ec87858ff9dc3caa0d8098c8,2026,セミファイナル,Aリーグ,P0276,P0053,P0288,P0024,松崎真也,ｒｒｒｒｒｒ,赤哲,EmperorTime,和了（MJ和了データ）,ロン,ｒｒｒｒｒｒ,松崎真也,1500,3800,1,30,發,0,0,0,EmperorTime / ｒｒｒｒｒｒ,2,
33-273377260,3,2026-08-17 22:00:06,33,273377260,2,松崎真也,ｒｒｒｒｒｒ,赤哲,EmperorTime,21700,29300,25500,23500,21700,16700,25500,36100,0,-12600,0,12600,https://pl.sega-mj.com/mj_viewer/replayMatch?matching_server_id=33&game_id=273377260&kyoku_select=3&target_user_id=153158&share_type=96548fcd2c0350ce8d34f74aa64027ec17c6a4f7ec87858ff9dc3caa0d8098c8,2026,セミファイナル,Aリーグ,P0276,P0053,P0288,P0024,松崎真也,ｒｒｒｒｒｒ,赤哲,EmperorTime,和了（MJ和了データ）,ロン,EmperorTime,ｒｒｒｒｒｒ,12000,12600,6,40,対々和・中,3,,,ｒｒｒｒｒｒ / EmperorTime,3,
33-273377260,4,2026-08-17 22:00:06,33,273377260,3,松崎真也,ｒｒｒｒｒｒ,赤哲,EmperorTime,21700,16700,25500,36100,21200,16200,24500,38100,-500,-500,-1000,2000,https://pl.sega-mj.com/mj_viewer/replayMatch?matching_server_id=33&game_id=273377260&kyoku_select=4&target_user_id=153158&share_type=96548fcd2c0350ce8d34f74aa64027ec17c6a4f7ec87858ff9dc3caa0d8098c8,2026,セミファイナル,Aリーグ,P0276,P0053,P0288,P0024,松崎真也,ｒｒｒｒｒｒ,赤哲,EmperorTime,和了（MJ和了データ）,ツモ,EmperorTime,,2000,2000,2,30,南,0,1,0,EmperorTime,2,
33-273377260,5,2026-08-17 22:00:06,33,273377260,4,松崎真也,ｒｒｒｒｒｒ,赤哲,EmperorTime,21200,16200,24500,38100,21200,8200,32500,38100,0,-8000,8000,0,https://pl.sega-mj.com/mj_viewer/replayMatch?matching_server_id=33&game_id=273377260&kyoku_select=5&target_user_id=153158&share_type=96548fcd2c0350ce8d34f74aa64027ec17c6a4f7ec87858ff9dc3caa0d8098c8,2026,セミファイナル,Aリーグ,P0276,P0053,P0288,P0024,松崎真也,ｒｒｒｒｒｒ,赤哲,EmperorTime,和了（MJ和了データ）,ロン,赤哲,ｒｒｒｒｒｒ,8000,8000,5,30,断ヤオ・三色同順,2,1,0,ｒｒｒｒｒｒ / 赤哲 / 松崎真也,4,
33-273377260,6,2026-08-17 22:00:06,33,273377260,1,松崎真也,ｒｒｒｒｒｒ,赤哲,EmperorTime,21200,8200,32500,38100,40200,-10800,32500,38100,19000,-19000,0,0,https://pl.sega-mj.com/mj_viewer/replayMatch?matching_server_id=33&game_id=273377260&kyoku_select=6&target_user_id=153158&share_type=96548fcd2c0350ce8d34f74aa64027ec17c6a4f7ec87858ff9dc3caa0d8098c8,2026,セミファイナル,Aリーグ,P0276,P0053,P0288,P0024,松崎真也,ｒｒｒｒｒｒ,赤哲,EmperorTime,和了（MJ和了データ）,ロン,松崎真也,ｒｒｒｒｒｒ,18000,19000,7,30,立直・平和・断ヤオ・三色同順・一盃口,0,1,0,ｒｒｒｒｒｒ,1,ｒｒｒｒｒｒ / 松崎真也
33-273377260,7,2026-08-17 22:00:06,33,273377260,1,松崎真也,ｒｒｒｒｒｒ,赤哲,EmperorTime,40200,-10800,32500,38100,46500,-12900,30400,36000,6300,-2100,-2100,-2100,https://pl.sega-mj.com/mj_viewer/replayMatch?matching_server_id=33&game_id=273377260&kyoku_select=7&target_user_id=153158&share_type=96548fcd2c0350ce8d34f74aa64027ec17c6a4f7ec87858ff9dc3caa0d8098c8,2026,セミファイナル,Aリーグ,P0276,P0053,P0288,P0024,松崎真也,ｒｒｒｒｒｒ,赤哲,EmperorTime,和了（MJ和了データ）,ツモ,松崎真也,,6000,6300,3,30,立直・門前清摸和,0,1,0,EmperorTime,1,松崎真也
33-273377260,8,2026-08-17 22:00:06,33,273377260,1,松崎真也,ｒｒｒｒｒｒ,赤哲,EmperorTime,46500,-12900,30400,36000,59100,-25500,30400,36000,12600,-12600,0,0,https://pl.sega-mj.com/mj_viewer/replayMatch?matching_server_id=33&game_id=273377260&kyoku_select=8&target_user_id=153158&share_type=96548fcd2c0350ce8d34f74aa64027ec17c6a4f7ec87858ff9dc3caa0d8098c8,2026,セミファイナル,Aリーグ,P0276,P0053,P0288,P0024,松崎真也,ｒｒｒｒｒｒ,赤哲,EmperorTime,和了（MJ和了データ）,ロン,松崎真也,ｒｒｒｒｒｒ,12000,12600,4,30,白・混一色,0,1,0,松崎真也,2,
33-273377260,9,2026-08-17 22:00:06,33,273377260,1,松崎真也,ｒｒｒｒｒｒ,赤哲,EmperorTime,59100,-25500,30400,36000,56200,-25500,29400,39900,-2900,0,-1000,3900,https://pl.sega-mj.com/mj_viewer/replayMatch?matching_server_id=33&game_id=273377260&kyoku_select=9&target_user_id=153158&share_type=96548fcd2c0350ce8d34f74aa64027ec17c6a4f7ec87858ff9dc3caa0d8098c8,2026,セミファイナル,Aリーグ,P0276,P0053,P0288,P0024,松崎真也,ｒｒｒｒｒｒ,赤哲,EmperorTime,和了（MJ和了データ）,ロン,EmperorTime,松崎真也,2000,,2,30,平和・断ヤオ,0,0,0,松崎真也,1,赤哲
33-273377260,10,2026-08-17 22:00:06,33,273377260,2,松崎真也,ｒｒｒｒｒｒ,赤哲,EmperorTime,56200,-25500,29400,39900,56200,-33500,37400,39900,0,-8000,8000,0,https://pl.sega-mj.com/mj_viewer/replayMatch?matching_server_id=33&game_id=273377260&kyoku_select=10&target_user_id=153158&share_type=96548fcd2c0350ce8d34f74aa64027ec17c6a4f7ec87858ff9dc3caa0d8098c8,2026,セミファイナル,Aリーグ,P0276,P0053,P0288,P0024,松崎真也,ｒｒｒｒｒｒ,赤哲,EmperorTime,和了（MJ和了データ）,ロン,赤哲,ｒｒｒｒｒｒ,8000,8000,4,30,河底撈魚・ダブ南,1,,,赤哲 / ｒｒｒｒｒｒ / EmperorTime,5,
33-273377260,11,2026-08-17 22:00:06,33,273377260,3,松崎真也,ｒｒｒｒｒｒ,赤哲,EmperorTime,56200,-33500,37400,39900,57200,-33500,37400,38900,1000,0,0,-1000,https://pl.sega-mj.com/mj_viewer/replayMatch?matching_server_id=33&game_id=273377260&kyoku_select=11&target_user_id=153158&share_type=96548fcd2c0350ce8d34f74aa64027ec17c6a4f7ec87858ff9dc3caa0d8098c8,2026,セミファイナル,Aリーグ,P0276,P0053,P0288,P0024,松崎真也,ｒｒｒｒｒｒ,赤哲,EmperorTime,和了（MJ和了データ）,ロン,松崎真也,EmperorTime,1000,1000,1,30,断ヤオ,0,0,0,松崎真也 / ｒｒｒｒｒｒ,3,
33-273377260,12,2026-08-17 22:00:06,33,273377260,4,松崎真也,ｒｒｒｒｒｒ,赤哲,EmperorTime,57200,-33500,37400,38900,57200,-35800,39700,38900,0,-2300,2300,0,https://pl.sega-mj.com/mj_viewer/replayMatch?matching_server_id=33&game_id=273377260&kyoku_select=12&target_user_id=153158&share_type=96548fcd2c0350ce8d34f74aa64027ec17c6a4f7ec87858ff9dc3caa0d8098c8,2026,セミファイナル,Aリーグ,P0276,P0053,P0288,P0024,松崎真也,ｒｒｒｒｒｒ,赤哲,EmperorTime,和了（MJ和了データ）,ロン,赤哲,ｒｒｒｒｒｒ,1300,2300,1,40,立直,0,0,0,,0,赤哲 / ｒｒｒｒｒｒ
33-273446414,1,2026-08-18 21:00:00,33,273446414,3,橋本るり子,k-Hk,アベキング,キラ、,25000,25000,25000,25000,37000,22000,19000,22000,12000,-3000,-6000,-3000,https://pl.sega-mj.com/mj_viewer/replayMatch?matching_server_id=33&game_id=273446414&kyoku_select=1&target_user_id=9929317&share_type=6a161fc83e982aa0fabdcd0742d2d7f6c83f4d4c6e316199533b973f619e0357,,,,P0249,,P0070,P0096,橋本るり子,k-Hk,アベキング,キラ、,和了（MJ和了データ）,ツモ,橋本るり子,,12000,12000,6,20,立直・一発・門前清摸和・平和・断ヤオ・一盃口,0,0,0,キラ、,2,橋本るり子
33-273446414,2,2026-08-18 21:00:00,33,273446414,4,橋本るり子,k-Hk,アベキング,キラ、,37000,22000,19000,22000,37000,18100,19000,25900,0,-3900,0,3900,https://pl.sega-mj.com/mj_viewer/replayMatch?matching_server_id=33&game_id=273446414&kyoku_select=2&target_user_id=9929317&share_type=6a161fc83e982aa0fabdcd0742d2d7f6c83f4d4c6e316199533b973f619e0357,,,,P0249,,P0070,P0096,橋本るり子,k-Hk,アベキング,キラ、,和了（MJ和了データ）,ロン,キラ、,k-Hk,3900,3900,2,40,立直,0,1,0,,0,キラ、 / k-Hk
33-273446414,3,2026-08-18 21:00:00,33,273446414,4,橋本るり子,k-Hk,アベキング,キラ、,37000,18100,19000,25900,28700,27400,19000,24900,-8300,9300,0,-1000,https://pl.sega-mj.com/mj_viewer/replayMatch?matching_server_id=33&game_id=273446414&kyoku_select=3&target_user_id=9929317&share_type=6a161fc83e982aa0fabdcd0742d2d7f6c83f4d4c6e316199533b973f619e0357,,,,P0249,,P0070,P0096,橋本るり子,k-Hk,アベキング,キラ、,和了（MJ和了データ）,ロン,k-Hk,橋本るり子,8000,,4,30,純全帯,2,0,0,橋本るり子 / k-Hk,4,キラ、
33-273446414,4,2026-08-18 21:00:00,33,273446414,1,橋本るり子,k-Hk,アベキング,キラ、,28700,27400,19000,24900,26700,27400,21000,24900,-2000,0,2000,0,https://pl.sega-mj.com/mj_viewer/replayMatch?matching_server_id=33&game_id=273446414&kyoku_select=4&target_user_id=9929317&share_type=6a161fc83e982aa0fabdcd0742d2d7f6c83f4d4c6e316199533b973f619e0357,,,,P0249,,P0070,P0096,橋本るり子,k-Hk,アベキング,キラ、,和了（MJ和了データ）,ロン,アベキング,橋本るり子,2000,2000,2,30,断ヤオ,0,1,0,アベキング,1,橋本るり子
33-273446414,5,2026-08-18 21:00:00,33,273446414,2,橋本るり子,k-Hk,アベキング,キラ、,26700,27400,21000,24900,29300,27400,21000,22300,2600,0,0,-2600,https://pl.sega-mj.com/mj_viewer/replayMatch?matching_server_id=33&game_id=273446414&kyoku_select=5&target_user_id=9929317&share_type=6a161fc83e982aa0fabdcd0742d2d7f6c83f4d4c6e316199533b973f619e0357,,,,P0249,,P0070,P0096,橋本るり子,k-Hk,アベキング,キラ、,和了（MJ和了データ）,ロン,橋本るり子,キラ、,2600,2600,2,40,東,0,1,0,橋本るり子,3,
33-273446414,6,2026-08-18 21:00:00,33,273446414,3,橋本るり子,k-Hk,アベキング,キラ、,29300,27400,21000,22300,29300,27400,33000,10300,0,0,12000,-12000,https://pl.sega-mj.com/mj_viewer/replayMatch?matching_server_id=33&game_id=273446414&kyoku_select=6&target_user_id=9929317&share_type=6a161fc83e982aa0fabdcd0742d2d7f6c83f4d4c6e316199533b973f619e0357,,,,P0249,,P0070,P0096,橋本るり子,k-Hk,アベキング,キラ、,和了（MJ和了データ）,ロン,アベキング,キラ、,12000,12000,4,30,南・中,0,2,0,アベキング,2,キラ、
33-273446414,7,2026-08-18 21:00:00,33,273446414,3,橋本るり子,k-Hk,アベキング,キラ、,29300,27400,33000,10300,27500,27400,34800,10300,-1800,0,1800,0,https://pl.sega-mj.com/mj_viewer/replayMatch?matching_server_id=33&game_id=273446414&kyoku_select=7&target_user_id=9929317&share_type=6a161fc83e982aa0fabdcd0742d2d7f6c83f4d4c6e316199533b973f619e0357,,,,P0249,,P0070,P0096,橋本るり子,k-Hk,アベキング,キラ、,和了（MJ和了データ）,ロン,アベキング,橋本るり子,1500,1800,1,30,白,0,0,0,アベキング / 橋本るり子,3,
33-273446414,8,2026-08-18 21:00:00,33,273446414,3,橋本るり子,k-Hk,アベキング,キラ、,27500,27400,34800,10300,18900,36000,34800,10300,-8600,8600,0,0,https://pl.sega-mj.com/mj_viewer/replayMatch?matching_server_id=33&game_id=273446414&kyoku_select=8&target_user_id=9929317&share_type=6a161fc83e982aa0fabdcd0742d2d7f6c83f4d4c6e316199533b973f619e0357,,,,P0249,,P0070,P0096,橋本るり子,k-Hk,アベキング,キラ、,和了（MJ和了データ）,ロン,k-Hk,橋本るり子,8000,8600,4,40,立直・一発,1,1,0,,0,k-Hk / 橋本るり子
33-273446414,9,2026-08-18 21:00:00,33,273446414,4,橋本るり子,k-Hk,アベキング,キラ、,18900,36000,34800,10300,26900,34000,32800,6300,8000,-2000,-2000,-4000,https://pl.sega-mj.com/mj_viewer/replayMatch?matching_server_id=33&game_id=273446414&kyoku_select=9&target_user_id=9929317&share_type=6a161fc83e982aa0fabdcd0742d2d7f6c83f4d4c6e316199533b973f619e0357,,,,P0249,,P0070,P0096,橋本るり子,k-Hk,アベキング,キラ、,和了（MJ和了データ）,ツモ,橋本るり子,,8000,8000,5,30,ダブ南,1,2,0,橋本るり子 / アベキング,2,
33-273446414,10,2026-08-18 21:00:00,33,273446414,1,橋本るり子,k-Hk,アベキング,キラ、,26900,34000,32800,6300,20900,46000,29800,3300,-6000,12000,-3000,-3000,https://pl.sega-mj.com/mj_viewer/replayMatch?matching_server_id=33&game_id=273446414&kyoku_select=10&target_user_id=9929317&share_type=6a161fc83e982aa0fabdcd0742d2d7f6c83f4d4c6e316199533b973f619e0357,,,,P0249,,P0070,P0096,橋本るり子,k-Hk,アベキング,キラ、,和了（MJ和了データ）,ツモ,k-Hk,,12000,12000,7,30,立直・一発・門前清摸和・断ヤオ,0,2,1,キラ、,1,k-Hk
33-273446414,11,2026-08-18 21:00:00,33,273446414,2,橋本るり子,k-Hk,アベキング,キラ、,20900,46000,29800,3300,11900,46000,38800,3300,-9000,0,9000,0,https://pl.sega-mj.com/mj_viewer/replayMatch?matching_server_id=33&game_id=273446414&kyoku_select=11&target_user_id=9929317&share_type=6a161fc83e982aa0fabdcd0742d2d7f6c83f4d4c6e316199533b973f619e0357,,,,P0249,,P0070,P0096,橋本るり子,k-Hk,アベキング,キラ、,和了（MJ和了データ）,ロン,アベキング,橋本るり子,8000,9000,4,30,立直・平和・断ヤオ,0,1,0,k-Hk,2,アベキング / 橋本るり子
33-273446535,1,2026-08-18 20:59:43,33,273446535,2,青ヒゲ危機一髪,あすてる,パイ乙戦士全ツ,サブ垢先輩,25000,25000,25000,25000,31200,21400,23700,23700,6200,-3600,-1300,-1300,https://pl.sega-mj.com/mj_viewer/replayMatch?matching_server_id=33&game_id=273446535&kyoku_select=1&target_user_id=9617806&share_type=422964af1306ef28e1f6be50d72916b7e8ff5fb097ee22237d5dcc4c8d21ab66,,,,P0283,P0067,P0156,P0109,青ヒゲ危機一髪,あすてる,パイ乙戦士全ツ,サブ垢先輩,和了（MJ和了データ）,ツモ,青ヒゲ危機一髪,,5200,6200,3,40,發,2,0,0,青ヒゲ危機一髪,2,あすてる
33-273446535,2,2026-08-18 20:59:43,33,273446535,3,青ヒゲ危機一髪,あすてる,パイ乙戦士全ツ,サブ垢先輩,31200,21400,23700,23700,29200,30400,18700,21700,-2000,9000,-5000,-2000,https://pl.sega-mj.com/mj_viewer/replayMatch?matching_server_id=33&game_id=273446535&kyoku_select=2&target_user_id=9617806&share_type=422964af1306ef28e1f6be50d72916b7e8ff5fb097ee22237d5dcc4c8d21ab66,,,,P0283,P0067,P0156,P0109,青ヒゲ危機一髪,あすてる,パイ乙戦士全ツ,サブ垢先輩,和了（MJ和了データ）,ツモ,あすてる,,8000,9000,4,30,立直・門前清摸和,0,1,1,,0,パイ乙戦士全ツ / あすてる
33-273446535,3,2026-08-18 20:59:43,33,273446535,4,青ヒゲ危機一髪,あすてる,パイ乙戦士全ツ,サブ垢先輩,29200,30400,18700,21700,28500,29700,17000,24800,-700,-700,-1700,3100,https://pl.sega-mj.com/mj_viewer/replayMatch?matching_server_id=33&game_id=273446535&kyoku_select=3&target_user_id=9617806&share_type=422964af1306ef28e1f6be50d72916b7e8ff5fb097ee22237d5dcc4c8d21ab66,,,,P0283,P0067,P0156,P0109,青ヒゲ危機一髪,あすてる,パイ乙戦士全ツ,サブ垢先輩,和了（MJ和了データ）,ツモ,サブ垢先輩,,2100,3100,1,40,門前清摸和,0,0,0,,0,パイ乙戦士全ツ
33-273446535,4,2026-08-18 20:59:43,33,273446535,4,青ヒゲ危機一髪,あすてる,パイ乙戦士全ツ,サブ垢先輩,28500,29700,17000,24800,30800,29100,16400,23700,2300,-600,-600,-1100,https://pl.sega-mj.com/mj_viewer/replayMatch?matching_server_id=33&game_id=273446535&kyoku_select=4&target_user_id=9617806&share_type=422964af1306ef28e1f6be50d72916b7e8ff5fb097ee22237d5dcc4c8d21ab66,,,,P0283,P0067,P0156,P0109,青ヒゲ危機一髪,あすてる,パイ乙戦士全ツ,サブ垢先輩,和了（MJ和了データ）,ツモ,青ヒゲ危機一髪,,2000,2300,2,30,白・中,0,0,0,青ヒゲ危機一髪,3,
33-273446535,5,2026-08-18 20:59:43,33,273446535,1,青ヒゲ危機一髪,あすてる,パイ乙戦士全ツ,サブ垢先輩,30800,29100,16400,23700,38500,21400,16400,23700,7700,-7700,0,0,https://pl.sega-mj.com/mj_viewer/replayMatch?matching_server_id=33&game_id=273446535&kyoku_select=5&target_user_id=9617806&share_type=422964af1306ef28e1f6be50d72916b7e8ff5fb097ee22237d5dcc4c8d21ab66,,,,P0283,P0067,P0156,P0109,青ヒゲ危機一髪,あすてる,パイ乙戦士全ツ,サブ垢先輩,和了（MJ和了データ）,ロン,青ヒゲ危機一髪,あすてる,7700,7700,3,40,立直,1,1,0,パイ乙戦士全ツ,1,青ヒゲ危機一髪
33-273446535,6,2026-08-18 20:59:43,33,273446535,1,青ヒゲ危機一髪,あすてる,パイ乙戦士全ツ,サブ垢先輩,38500,21400,16400,23700,37500,19100,16400,27000,-1000,-2300,0,3300,https://pl.sega-mj.com/mj_viewer/replayMatch?matching_server_id=33&game_id=273446535&kyoku_select=6&target_user_id=9617806&share_type=422964af1306ef28e1f6be50d72916b7e8ff5fb097ee22237d5dcc4c8d21ab66,,,,P0283,P0067,P0156,P0109,青ヒゲ危機一髪,あすてる,パイ乙戦士全ツ,サブ垢先輩,和了（MJ和了データ）,ロン,サブ垢先輩,あすてる,2000,,2,30,發,0,1,0,パイ乙戦士全ツ / サブ垢先輩,3,青ヒゲ危機一髪
33-273446535,7,2026-08-18 20:59:43,33,273446535,2,青ヒゲ危機一髪,あすてる,パイ乙戦士全ツ,サブ垢先輩,37500,19100,16400,27000,36500,11100,16400,36000,-1000,-8000,0,9000,https://pl.sega-mj.com/mj_viewer/replayMatch?matching_server_id=33&game_id=273446535&kyoku_select=7&target_user_id=9617806&share_type=422964af1306ef28e1f6be50d72916b7e8ff5fb097ee22237d5dcc4c8d21ab66,,,,P0283,P0067,P0156,P0109,青ヒゲ危機一髪,あすてる,パイ乙戦士全ツ,サブ垢先輩,和了（MJ和了データ）,ロン,サブ垢先輩,あすてる,8000,,5,30,立直・一発・平和,1,0,1,,0,サブ垢先輩 / 青ヒゲ危機一髪
33-273446535,8,2026-08-18 20:59:43,33,273446535,3,青ヒゲ危機一髪,あすてる,パイ乙戦士全ツ,サブ垢先輩,36500,11100,16400,36000,35500,10100,15400,38000,-1000,-1000,-1000,2000,https://pl.sega-mj.com/mj_viewer/replayMatch?matching_server_id=33&game_id=273446535&kyoku_select=8&target_user_id=9617806&share_type=422964af1306ef28e1f6be50d72916b7e8ff5fb097ee22237d5dcc4c8d21ab66,,,,P0283,P0067,P0156,P0109,青ヒゲ危機一髪,あすてる,パイ乙戦士全ツ,サブ垢先輩,流局,,,,,,,,,,,,,0,サブ垢先輩
33-273446535,9,2026-08-18 20:59:43,33,273446535,4,青ヒゲ危機一髪,あすてる,パイ乙戦士全ツ,サブ垢先輩,35500,10100,15400,38000,38800,10100,15400,35700,3300,0,0,-2300,https://pl.sega-mj.com/mj_viewer/replayMatch?matching_server_id=33&game_id=273446535&kyoku_select=9&target_user_id=9617806&share_type=422964af1306ef28e1f6be50d72916b7e8ff5fb097ee22237d5dcc4c8d21ab66,,,,P0283,P0067,P0156,P0109,青ヒゲ危機一髪,あすてる,パイ乙戦士全ツ,サブ垢先輩,和了（MJ和了データ）,ロン,青ヒゲ危機一髪,サブ垢先輩,1000,3300,1,30,断ヤオ,0,0,0,青ヒゲ危機一髪,2,サブ垢先輩
33-273446535,10,2026-08-18 20:59:43,33,273446535,1,青ヒゲ危機一髪,あすてる,パイ乙戦士全ツ,サブ垢先輩,38800,10100,15400,35700,38800,9100,16400,35700,0,-1000,1000,0,https://pl.sega-mj.com/mj_viewer/replayMatch?matching_server_id=33&game_id=273446535&kyoku_select=10&target_user_id=9617806&share_type=422964af1306ef28e1f6be50d72916b7e8ff5fb097ee22237d5dcc4c8d21ab66,,,,P0283,P0067,P0156,P0109,青ヒゲ危機一髪,あすてる,パイ乙戦士全ツ,サブ垢先輩,和了（MJ和了データ）,ロン,パイ乙戦士全ツ,あすてる,1000,1000,1,30,中,0,0,0,パイ乙戦士全ツ,1,
33-273451637,1,2026-08-18 22:00:04,33,273451637,2,黒太郎@SMY会,014のりたま,ペン,☆魔雀T塾生☆,25000,25000,25000,25000,23000,20000,34000,23000,-2000,-5000,9000,-2000,https://pl.sega-mj.com/mj_viewer/replayMatch?matching_server_id=33&game_id=273451637&kyoku_select=1&target_user_id=161152&share_type=241a9dc08f331b662da190f62e83691a4eae99b97a5bce5034ef2495bce45a67,,,,P0260,P0011,P0175,P0010,黒太郎@SMY会,014のりたま,ペン,☆魔雀T塾生☆,和了（MJ和了データ）,ツモ,ペン,,8000,9000,5,40,發・中・混一色,0,1,0,ペン,1,014のりたま
33-273451637,2,2026-08-18 22:00:04,33,273451637,3,黒太郎@SMY会,014のりたま,ペン,☆魔雀T塾生☆,23000,20000,34000,23000,23500,21500,32500,21500,500,1500,-1500,-1500,https://pl.sega-mj.com/mj_viewer/replayMatch?matching_server_id=33&game_id=273451637&kyoku_select=2&target_user_id=161152&share_type=241a9dc08f331b662da190f62e83691a4eae99b97a5bce5034ef2495bce45a67,,,,P0260,P0011,P0175,P0010,黒太郎@SMY会,014のりたま,ペン,☆魔雀T塾生☆,流局,,,,,,,,,,,,,0,黒太郎@SMY会
33-273451637,3,2026-08-18 22:00:04,33,273451637,4,黒太郎@SMY会,014のりたま,ペン,☆魔雀T塾生☆,23500,21500,32500,21500,30000,16000,32500,21500,6500,-5500,0,0,https://pl.sega-mj.com/mj_viewer/replayMatch?matching_server_id=33&game_id=273451637&kyoku_select=3&target_user_id=161152&share_type=241a9dc08f331b662da190f62e83691a4eae99b97a5bce5034ef2495bce45a67,,,,P0260,P0011,P0175,P0010,黒太郎@SMY会,014のりたま,ペン,☆魔雀T塾生☆,和了（MJ和了データ）,ロン,黒太郎@SMY会,014のりたま,5200,6500,3,40,立直・三色同順,0,0,0,☆魔雀T塾生☆,1,黒太郎@SMY会
33-273451637,4,2026-08-18 22:00:04,33,273451637,1,黒太郎@SMY会,014のりたま,ペン,☆魔雀T塾生☆,30000,16000,32500,21500,30000,24000,24500,21500,0,8000,-8000,0,https://pl.sega-mj.com/mj_viewer/replayMatch?matching_server_id=33&game_id=273451637&kyoku_select=4&target_user_id=161152&share_type=241a9dc08f331b662da190f62e83691a4eae99b97a5bce5034ef2495bce45a67,,,,P0260,P0011,P0175,P0010,黒太郎@SMY会,014のりたま,ペン,☆魔雀T塾生☆,和了（MJ和了データ）,ロン,014のりたま,ペン,8000,8000,4,30,南・中,0,2,0,014のりたま,2,ペン
33-273451637,5,2026-08-18 22:00:04,33,273451637,2,黒太郎@SMY会,014のりたま,ペン,☆魔雀T塾生☆,30000,24000,24500,21500,38000,20000,22500,19500,8000,-4000,-2000,-2000,https://pl.sega-mj.com/mj_viewer/replayMatch?matching_server_id=33&game_id=273451637&kyoku_select=5&target_user_id=161152&share_type=241a9dc08f331b662da190f62e83691a4eae99b97a5bce5034ef2495bce45a67,,,,P0260,P0011,P0175,P0010,黒太郎@SMY会,014のりたま,ペン,☆魔雀T塾生☆,和了（MJ和了データ）,ツモ,黒太郎@SMY会,,8000,8000,4,30,白・混一色,0,1,0,黒太郎@SMY会 / 014のりたま,2,
33-273451637,6,2026-08-18 22:00:04,33,273451637,3,黒太郎@SMY会,014のりたま,ペン,☆魔雀T塾生☆,38000,20000,22500,19500,38000,20000,24500,17500,0,0,2000,-2000,https://pl.sega-mj.com/mj_viewer/replayMatch?matching_server_id=33&game_id=273451637&kyoku_select=6&target_user_id=161152&share_type=241a9dc08f331b662da190f62e83691a4eae99b97a5bce5034ef2495bce45a67,,,,P0260,P0011,P0175,P0010,黒太郎@SMY会,014のりたま,ペン,☆魔雀T塾生☆,和了（MJ和了データ）,ロン,ペン,☆魔雀T塾生☆,2000,2000,1,40,立直,0,0,0,☆魔雀T塾生☆,2,ペン
33-273451637,7,2026-08-18 22:00:04,33,273451637,3,黒太郎@SMY会,014のりたま,ペン,☆魔雀T塾生☆,38000,20000,24500,17500,38000,24200,20300,17500,0,4200,-4200,0,https://pl.sega-mj.com/mj_viewer/replayMatch?matching_server_id=33&game_id=273451637&kyoku_select=7&target_user_id=161152&share_type=241a9dc08f331b662da190f62e83691a4eae99b97a5bce5034ef2495bce45a67,,,,P0260,P0011,P0175,P0010,黒太郎@SMY会,014のりたま,ペン,☆魔雀T塾生☆,和了（MJ和了データ）,ロン,014のりたま,ペン,3900,4200,3,30,平和,2,0,0,黒太郎@SMY会,1,
33-273451637,8,2026-08-18 22:00:04,33,273451637,4,黒太郎@SMY会,014のりたま,ペン,☆魔雀T塾生☆,38000,24200,20300,17500,38000,27800,17700,16500,0,3600,-2600,-1000,https://pl.sega-mj.com/mj_viewer/replayMatch?matching_server_id=33&game_id=273451637&kyoku_select=8&target_user_id=161152&share_type=241a9dc08f331b662da190f62e83691a4eae99b97a5bce5034ef2495bce45a67,,,,P0260,P0011,P0175,P0010,黒太郎@SMY会,014のりたま,ペン,☆魔雀T塾生☆,和了（MJ和了データ）,ロン,014のりたま,ペン,2600,,2,40,白,0,1,0,ペン,2,☆魔雀T塾生☆
33-273451637,9,2026-08-18 22:00:04,33,273451637,1,黒太郎@SMY会,014のりたま,ペン,☆魔雀T塾生☆,38000,27800,17700,16500,39000,27800,12800,20400,1000,0,-4900,3900,https://pl.sega-mj.com/mj_viewer/replayMatch?matching_server_id=33&game_id=273451637&kyoku_select=9&target_user_id=161152&share_type=241a9dc08f331b662da190f62e83691a4eae99b97a5bce5034ef2495bce45a67,,,,P0260,P0011,P0175,P0010,黒太郎@SMY会,014のりたま,ペン,☆魔雀T塾生☆,和了（MJ和了データ）,ロン,☆魔雀T塾生☆,ペン,3900,,3,30,立直・平和,0,0,1,,0,☆魔雀T塾生☆ / ペン
33-273451882,1,2026-08-18 21:59:14,33,273451882,3,淳之介,しんじゃうツモ,葛餅,どっち？弾平,25000,25000,25000,25000,12000,25000,38000,25000,-13000,0,13000,0,https://pl.sega-mj.com/mj_viewer/replayMatch?matching_server_id=33&game_id=273451882&kyoku_select=1&target_user_id=8891170&share_type=84470dbe07d4ecca35ba6dbe17b047f668dab1b28e0c6d4a42b314beaae15cbe,,,,P0269,P0119,P0240,P0143,淳之介,しんじゃうツモ,葛餅,どっち？弾平,和了（MJ和了データ）,ロン,葛餅,淳之介,12000,13000,4,40,立直・断ヤオ,1,1,0,どっち？弾平,1,淳之介 / 葛餅
33-273451882,2,2026-08-18 21:59:14,33,273451882,3,淳之介,しんじゃうツモ,葛餅,どっち？弾平,12000,25000,38000,25000,7900,20900,50300,20900,-4100,-4100,12300,-4100,https://pl.sega-mj.com/mj_viewer/replayMatch?matching_server_id=33&game_id=273451882&kyoku_select=2&target_user_id=8891170&share_type=84470dbe07d4ecca35ba6dbe17b047f668dab1b28e0c6d4a42b314beaae15cbe,,,,P0269,P0119,P0240,P0143,淳之介,しんじゃうツモ,葛餅,どっち？弾平,和了（MJ和了データ）,ツモ,葛餅,,12000,12300,5,60,門前清摸和・ダブ東,1,1,0,葛餅,1,
33-273451882,3,2026-08-18 21:59:14,33,273451882,3,淳之介,しんじゃうツモ,葛餅,どっち？弾平,7900,20900,50300,20900,13400,15400,50300,20900,5500,-5500,0,0,https://pl.sega-mj.com/mj_viewer/replayMatch?matching_server_id=33&game_id=273451882&kyoku_select=3&target_user_id=8891170&share_type=84470dbe07d4ecca35ba6dbe17b047f668dab1b28e0c6d4a42b314beaae15cbe,,,,P0269,P0119,P0240,P0143,淳之介,しんじゃうツモ,葛餅,どっち？弾平,和了（MJ和了データ）,ロン,淳之介,しんじゃうツモ,3900,5500,3,30,立直・平和,0,1,0,,0,しんじゃうツモ / 淳之介
33-273451882,4,2026-08-18 21:59:14,33,273451882,4,淳之介,しんじゃうツモ,葛餅,どっち？弾平,13400,15400,50300,20900,12100,14100,55500,18300,-1300,-1300,5200,-2600,https://pl.sega-mj.com/mj_viewer/replayMatch?matching_server_id=33&game_id=273451882&kyoku_select=4&target_user_id=8891170&share_type=84470dbe07d4ecca35ba6dbe17b047f668dab1b28e0c6d4a42b314beaae15cbe,,,,P0269,P0119,P0240,P0143,淳之介,しんじゃうツモ,葛餅,どっち？弾平,和了（MJ和了データ）,ツモ,葛餅,,5200,5200,3,40,中・混一色,0,0,0,葛餅,1,
33-273451882,5,2026-08-18 21:59:14,33,273451882,1,淳之介,しんじゃうツモ,葛餅,どっち？弾平,12100,14100,55500,18300,8100,12100,53500,26300,-4000,-2000,-2000,8000,https://pl.sega-mj.com/mj_viewer/replayMatch?matching_server_id=33&game_id=273451882&kyoku_select=5&target_user_id=8891170&share_type=84470dbe07d4ecca35ba6dbe17b047f668dab1b28e0c6d4a42b314beaae15cbe,,,,P0269,P0119,P0240,P0143,淳之介,しんじゃうツモ,葛餅,どっち？弾平,和了（MJ和了データ）,ツモ,どっち？弾平,,8000,8000,5,30,立直・門前清摸和・断ヤオ,1,1,0,,0,どっち？弾平
33-273451882,6,2026-08-18 21:59:14,33,273451882,2,淳之介,しんじゃうツモ,葛餅,どっち？弾平,8100,12100,53500,26300,7600,13600,53000,25800,-500,1500,-500,-500,https://pl.sega-mj.com/mj_viewer/replayMatch?matching_server_id=33&game_id=273451882&kyoku_select=6&target_user_id=8891170&share_type=84470dbe07d4ecca35ba6dbe17b047f668dab1b28e0c6d4a42b314beaae15cbe,,,,P0269,P0119,P0240,P0143,淳之介,しんじゃうツモ,葛餅,どっち？弾平,和了（MJ和了データ）,ツモ,しんじゃうツモ,,1500,1500,1,30,中,0,0,0,しんじゃうツモ,2,
33-273451882,7,2026-08-18 21:59:14,33,273451882,2,淳之介,しんじゃうツモ,葛餅,どっち？弾平,7600,13600,53000,25800,6600,12600,56000,24800,-1000,-1000,3000,-1000,https://pl.sega-mj.com/mj_viewer/replayMatch?matching_server_id=33&game_id=273451882&kyoku_select=7&target_user_id=8891170&share_type=84470dbe07d4ecca35ba6dbe17b047f668dab1b28e0c6d4a42b314beaae15cbe,,,,P0269,P0119,P0240,P0143,淳之介,しんじゃうツモ,葛餅,どっち？弾平,流局,,,,,,,,,,,,葛餅 / 淳之介 / しんじゃうツモ,5,
33-273451882,8,2026-08-18 21:59:14,33,273451882,3,淳之介,しんじゃうツモ,葛餅,どっち？弾平,6600,12600,56000,24800,6600,18400,56000,19000,0,5800,0,-5800,https://pl.sega-mj.com/mj_viewer/replayMatch?matching_server_id=33&game_id=273451882&kyoku_select=8&target_user_id=8891170&share_type=84470dbe07d4ecca35ba6dbe17b047f668dab1b28e0c6d4a42b314beaae15cbe,,,,P0269,P0119,P0240,P0143,淳之介,しんじゃうツモ,葛餅,どっち？弾平,和了（MJ和了データ）,ロン,しんじゃうツモ,どっち？弾平,5200,5800,3,40,立直,2,0,0,淳之介,1,しんじゃうツモ
33-273451882,9,2026-08-18 21:59:14,33,273451882,4,淳之介,しんじゃうツモ,葛餅,どっち？弾平,6600,18400,56000,19000,7100,16900,54500,20500,500,-1500,-1500,1500,https://pl.sega-mj.com/mj_viewer/replayMatch?matching_server_id=33&game_id=273451882&kyoku_select=9&target_user_id=8891170&share_type=84470dbe07d4ecca35ba6dbe17b047f668dab1b28e0c6d4a42b314beaae15cbe,,,,P0269,P0119,P0240,P0143,淳之介,しんじゃうツモ,葛餅,どっち？弾平,流局,,,,,,,,,,,,どっち？弾平,1,淳之介
33-273451882,10,2026-08-18 21:59:14,33,273451882,4,淳之介,しんじゃうツモ,葛餅,どっち？弾平,7100,16900,54500,20500,13300,16900,54500,15300,6200,0,0,-5200,https://pl.sega-mj.com/mj_viewer/replayMatch?matching_server_id=33&game_id=273451882&kyoku_select=10&target_user_id=8891170&share_type=84470dbe07d4ecca35ba6dbe17b047f668dab1b28e0c6d4a42b314beaae15cbe,,,,P0269,P0119,P0240,P0143,淳之介,しんじゃうツモ,葛餅,どっち？弾平,和了（MJ和了データ）,ロン,淳之介,どっち？弾平,3900,6200,3,30,断ヤオ,1,1,0,淳之介,2,どっち？弾平
33-273451882,11,2026-08-18 21:59:14,33,273451882,1,淳之介,しんじゃうツモ,葛餅,どっち？弾平,13300,16900,54500,15300,13300,16900,55500,14300,0,0,1000,-1000,https://pl.sega-mj.com/mj_viewer/replayMatch?matching_server_id=33&game_id=273451882&kyoku_select=11&target_user_id=8891170&share_type=84470dbe07d4ecca35ba6dbe17b047f668dab1b28e0c6d4a42b314beaae15cbe,,,,P0269,P0119,P0240,P0143,淳之介,しんじゃうツモ,葛餅,どっち？弾平,和了（MJ和了データ）,ロン,葛餅,どっち？弾平,1000,1000,1,30,西,0,0,0,しんじゃうツモ / 葛餅,2,
33-273451882,12,2026-08-18 21:59:14,33,273451882,2,淳之介,しんじゃうツモ,葛餅,どっち？弾平,13300,16900,55500,14300,25300,16900,55500,2300,12000,0,0,-12000,https://pl.sega-mj.com/mj_viewer/replayMatch?matching_server_id=33&game_id=273451882&kyoku_select=12&target_user_id=8891170&share_type=84470dbe07d4ecca35ba6dbe17b047f668dab1b28e0c6d4a42b314beaae15cbe,,,,P0269,P0119,P0240,P0143,淳之介,しんじゃうツモ,葛餅,どっち？弾平,和了（MJ和了データ）,ロン,淳之介,どっち？弾平,12000,12000,6,30,清一色,0,1,0,しんじゃうツモ / 淳之介,2,