リーグ,チーム,選手,参照元
Aリーグ,SILVER WOLVES,阿賀寿直,チーム選手_貼付
Aリーグ,SILVER WOLVES,まーくん RMU,チーム選手_貼付
Aリーグ,SILVER WOLVES,松崎真也,チーム選手_貼付
Aリーグ,SILVER WOLVES,田口淳之介,チーム選手_貼付
Aリーグ,SILVER WOLVES,上野あいみ,チーム選手_貼付
Aリーグ,SILVER WOLVES,橋本るり子,チーム選手_貼付
Aリーグ,SILVER WOLVES,石川安牌,チーム選手_貼付
Aリーグ,SILVER WOLVES,店長倍損の上司,チーム選手_貼付
Aリーグ,MJ東京,J,チーム選手_貼付
Aリーグ,MJ東京,えんがわ,チーム選手_貼付
Aリーグ,MJ東京,キラ、,チーム選手_貼付
Aリーグ,MJ東京,チン☆パラ,チーム選手_貼付
Aリーグ,MJ東京,Mychemi,チーム選手_貼付
Aリーグ,MJ東京,ななね,チーム選手_貼付
Aリーグ,MJ東京,aimoni,チーム選手_貼付
Aリーグ,MJ東京,キレそう,チーム選手_貼付
Aリーグ,MJ東京,葛餅,チーム選手_貼付
Aリーグ,電光石火,けっけ,チーム選手_貼付
Aリーグ,電光石火,どっち？弾平,チーム選手_貼付
Aリーグ,電光石火,EmperorTime,チーム選手_貼付
Aリーグ,電光石火,魔王,チーム選手_貼付
Aリーグ,電光石火,k-k,チーム選手_貼付
Aリーグ,電光石火,フミオ,チーム選手_貼付
Aリーグ,電光石火,ひろとだポン,チーム選手_貼付
Aリーグ,電光石火,ミッキー柳井,チーム選手_貼付
Aリーグ,最強位ズ,ダイゴ＠LA,チーム選手_貼付
Aリーグ,最強位ズ,まびたん,チーム選手_貼付
Aリーグ,最強位ズ,リョータ,チーム選手_貼付
Aリーグ,最強位ズ,ねこます,チーム選手_貼付
Aリーグ,最強位ズ,ブ茶ラティ,チーム選手_貼付
Aリーグ,最強位ズ,Hiromu,チーム選手_貼付
Aリーグ,最強位ズ,ｒｒｒｒｒｒ,チーム選手_貼付
Bリーグ,Team MJ lovers,μゆぅちゃん,チーム選手_貼付
Bリーグ,Team MJ lovers,小林宏康,チーム選手_貼付
Bリーグ,Team MJ lovers,溝渕智也,チーム選手_貼付
Bリーグ,Team MJ lovers,喜多剛士@u,チーム選手_貼付
Bリーグ,Team MJ lovers,中出雄介,チーム選手_貼付
Bリーグ,Team MJ lovers,ysk,チーム選手_貼付
Bリーグ,Team MJ lovers,ゆっしー@,チーム選手_貼付
Bリーグ,さわやかMJ野郎の会,黒太郎@SMY会,チーム選手_貼付
Bリーグ,さわやかMJ野郎の会,Blue-K18,チーム選手_貼付
Bリーグ,さわやかMJ野郎の会,つよ,チーム選手_貼付
Bリーグ,さわやかMJ野郎の会,ソニア@SMY会,チーム選手_貼付
Bリーグ,さわやかMJ野郎の会,パイ乙戦士全ツ,チーム選手_貼付
Bリーグ,さわやかMJ野郎の会,はなびん,チーム選手_貼付
Bリーグ,さわやかMJ野郎の会,海賊王,チーム選手_貼付
Bリーグ,さわやかMJ野郎の会,黙示録@SMY会,チーム選手_貼付
Bリーグ,さわやかMJ野郎の会,★月刃★,チーム選手_貼付
Bリーグ,さわやかMJ野郎の会,だてまきたまご,チーム選手_貼付
Bリーグ,おたまーず,おたま♪,チーム選手_貼付
Bリーグ,おたまーず,鰤トニー,チーム選手_貼付
Bリーグ,おたまーず,エイデン二号機,チーム選手_貼付
Bリーグ,おたまーず,羽田暁音,チーム選手_貼付
Bリーグ,おたまーず,くれば,チーム選手_貼付
Bリーグ,おたまーず,樹央,チーム選手_貼付
Bリーグ,教室生☆KSC,元教室生タク,チーム選手_貼付
Bリーグ,教室生☆KSC,Redstar,チーム選手_貼付
Bリーグ,教室生☆KSC,w-baby,チーム選手_貼付
Bリーグ,教室生☆KSC,悠紀子,チーム選手_貼付
Bリーグ,教室生☆KSC,川端由紀,チーム選手_貼付
Bリーグ,教室生☆KSC,☆魔雀T塾生☆,チーム選手_貼付
Bリーグ,教室生☆KSC,Anmi,チーム選手_貼付
Bリーグ,教室生☆KSC,青ヒゲ危機一髪,チーム選手_貼付